-- phpMyAdmin SQL Dump
-- version 5.2.0
-- https://www.phpmyadmin.net/
--
-- Host: localhost
-- Waktu pembuatan: 30 Jul 2024 pada 11.08
-- Versi server: 10.4.21-MariaDB
-- Versi PHP: 7.4.29

SET SQL_MODE = "NO_AUTO_VALUE_ON_ZERO";
START TRANSACTION;
SET time_zone = "+00:00";


/*!40101 SET @OLD_CHARACTER_SET_CLIENT=@@CHARACTER_SET_CLIENT */;
/*!40101 SET @OLD_CHARACTER_SET_RESULTS=@@CHARACTER_SET_RESULTS */;
/*!40101 SET @OLD_COLLATION_CONNECTION=@@COLLATION_CONNECTION */;
/*!40101 SET NAMES utf8mb4 */;

--
-- Database: `spkkucing`
--

-- --------------------------------------------------------

--
-- Struktur dari tabel `admin`
--

CREATE TABLE `admin` (
  `username` varchar(20) NOT NULL,
  `password` varchar(32) NOT NULL,
  `nama_lengkap` varchar(30) NOT NULL
) ENGINE=InnoDB DEFAULT CHARSET=utf8mb4;

--
-- Dumping data untuk tabel `admin`
--

INSERT INTO `admin` (`username`, `password`, `nama_lengkap`) VALUES
('admin', '21232f297a57a5a743894a0e4a801fc3', 'Administrator'),
('mahmud', '21232f297a57a5a743894a0e4a801fc3', 'Mahmud Zakaria Alfarozi');

-- --------------------------------------------------------

--
-- Struktur dari tabel `basis_pengetahuan`
--

CREATE TABLE `basis_pengetahuan` (
  `kode_pengetahuan` int(11) NOT NULL,
  `kode_penyakit` int(11) NOT NULL,
  `kode_gejala` int(11) NOT NULL,
  `mb` double(11,1) NOT NULL,
  `md` double(11,1) NOT NULL
) ENGINE=InnoDB DEFAULT CHARSET=utf8mb4;

--
-- Dumping data untuk tabel `basis_pengetahuan`
--

INSERT INTO `basis_pengetahuan` (`kode_pengetahuan`, `kode_penyakit`, `kode_gejala`, `mb`, `md`) VALUES
(1, 1, 1, 0.4, 0.2),
(2, 1, 3, 0.4, 0.2),
(3, 1, 27, 0.8, 0.2),
(4, 1, 28, 0.8, 0.0),
(5, 1, 29, 0.8, 0.2),
(6, 1, 30, 0.6, 0.2),
(7, 1, 43, 0.8, 0.0),
(8, 1, 44, 0.8, 0.2),
(9, 1, 45, 0.6, 0.2),
(10, 1, 124, 0.8, 0.0),
(11, 1, 125, 0.8, 0.2),
(12, 2, 2, 0.6, 0.2),
(13, 2, 3, 0.4, 0.2),
(14, 2, 5, 0.4, 0.2),
(15, 2, 6, 1.0, 0.2),
(16, 2, 11, 0.4, 0.2),
(17, 2, 12, 0.8, 0.2),
(18, 2, 18, 0.4, 0.2),
(19, 2, 20, 0.4, 0.2),
(20, 2, 46, 0.8, 0.2),
(21, 2, 126, 0.8, 0.2),
(22, 3, 2, 0.6, 0.2),
(23, 3, 3, 0.4, 0.2),
(24, 3, 8, 0.6, 0.2),
(25, 3, 20, 0.4, 0.2),
(26, 3, 31, 0.6, 0.2),
(27, 3, 47, 0.6, 0.2),
(28, 3, 50, 0.8, 0.0),
(29, 3, 52, 0.8, 0.2),
(30, 3, 56, 0.8, 0.0),
(31, 4, 3, 0.4, 0.2),
(32, 4, 5, 0.4, 0.2),
(33, 4, 9, 0.6, 0.2),
(34, 4, 11, 0.4, 0.2),
(35, 4, 18, 0.4, 0.2),
(36, 4, 20, 0.4, 0.2),
(37, 4, 22, 0.8, 0.2),
(38, 4, 53, 0.8, 0.0),
(39, 4, 54, 1.0, 0.2),
(40, 4, 55, 0.8, 0.2),
(41, 5, 8, 0.6, 0.2),
(42, 5, 11, 0.4, 0.2),
(43, 5, 34, 0.8, 0.2),
(44, 5, 45, 0.8, 0.2),
(45, 5, 49, 0.8, 0.2),
(46, 5, 57, 1.0, 0.2),
(47, 5, 58, 0.8, 0.4),
(48, 5, 59, 0.8, 0.2),
(49, 5, 60, 0.8, 0.2),
(50, 6, 1, 0.4, 0.2),
(51, 6, 3, 0.4, 0.2),
(52, 6, 9, 0.6, 0.2),
(53, 6, 10, 0.6, 0.2),
(54, 6, 11, 0.4, 0.2),
(55, 6, 13, 0.6, 0.0),
(56, 6, 20, 0.4, 0.2),
(57, 6, 51, 1.0, 0.2),
(58, 6, 61, 0.8, 0.0),
(59, 6, 123, 1.0, 0.0),
(60, 7, 1, 0.4, 0.2),
(61, 7, 3, 0.4, 0.2),
(62, 7, 4, 0.6, 0.2),
(63, 7, 5, 0.4, 0.2),
(64, 7, 8, 0.6, 0.2),
(65, 7, 9, 0.6, 0.2),
(66, 7, 11, 0.4, 0.2),
(67, 7, 34, 0.8, 0.2),
(68, 7, 35, 0.6, 0.2),
(69, 7, 47, 0.6, 0.2),
(70, 7, 48, 0.8, 0.2),
(71, 7, 62, 0.4, 0.2),
(72, 7, 63, 0.8, 0.2),
(73, 7, 64, 0.8, 0.0),
(74, 7, 65, 0.8, 0.2),
(75, 7, 66, 0.8, 0.2),
(76, 7, 67, 0.8, 0.2),
(77, 7, 70, 1.0, 0.0),
(78, 7, 72, 0.8, 0.2),
(79, 8, 1, 0.4, 0.2),
(80, 8, 3, 0.4, 0.2),
(81, 8, 5, 0.4, 0.2),
(82, 8, 10, 0.6, 0.2),
(83, 8, 20, 0.4, 0.2),
(84, 8, 68, 0.8, 0.2),
(85, 8, 71, 0.8, 0.0),
(86, 8, 73, 0.8, 0.0),
(87, 9, 19, 0.6, 0.2),
(88, 9, 20, 0.4, 0.2),
(89, 9, 74, 0.8, 0.0),
(90, 9, 75, 1.0, 0.2),
(91, 9, 76, 0.8, 0.2),
(92, 9, 77, 0.8, 0.0),
(93, 9, 78, 1.0, 0.2),
(94, 9, 79, 0.8, 0.2),
(95, 10, 1, 0.4, 0.2),
(96, 10, 3, 0.4, 0.2),
(97, 10, 18, 0.4, 0.2),
(98, 10, 98, 0.8, 0.2),
(99, 10, 99, 0.8, 0.2),
(100, 10, 100, 0.8, 0.2),
(101, 10, 101, 1.0, 0.2),
(102, 10, 102, 1.0, 0.2),
(103, 10, 103, 0.8, 0.2),
(104, 11, 1, 0.4, 0.2),
(105, 11, 3, 0.4, 0.2),
(106, 11, 4, 0.6, 0.2),
(107, 11, 11, 0.4, 0.2),
(108, 11, 18, 0.4, 0.2),
(109, 11, 20, 0.4, 0.2),
(110, 11, 23, 0.8, 0.2),
(111, 11, 24, 0.8, 0.2),
(112, 11, 25, 0.8, 0.2),
(113, 11, 31, 0.6, 0.2),
(114, 11, 32, 0.8, 0.2),
(115, 11, 35, 0.8, 0.2),
(116, 11, 89, 0.8, 0.2),
(117, 11, 93, 1.0, 0.2),
(118, 12, 2, 0.6, 0.2),
(119, 12, 3, 0.4, 0.2),
(120, 12, 14, 0.8, 0.2),
(121, 12, 18, 0.4, 0.2),
(122, 12, 19, 0.6, 0.2),
(123, 12, 21, 0.8, 0.2),
(124, 12, 93, 1.0, 0.2),
(125, 12, 94, 0.8, 0.2),
(126, 12, 95, 0.8, 0.0),
(127, 12, 96, 0.8, 0.2),
(128, 12, 97, 0.8, 0.0),
(129, 12, 127, 1.0, 0.2),
(130, 13, 3, 0.4, 0.2),
(131, 13, 11, 0.4, 0.2),
(132, 13, 18, 0.4, 0.2),
(133, 13, 20, 0.4, 0.2),
(134, 13, 104, 0.8, 0.2),
(135, 13, 105, 0.8, 0.0),
(136, 13, 106, 0.8, 0.0),
(137, 13, 107, 1.0, 0.2),
(138, 13, 108, 1.0, 0.0),
(139, 14, 31, 0.6, 0.2),
(140, 14, 35, 0.6, 0.2),
(141, 14, 36, 0.8, 0.0),
(142, 14, 37, 0.8, 0.2),
(143, 14, 38, 0.8, 0.0),
(144, 14, 39, 0.8, 0.2),
(145, 14, 42, 1.0, 0.0),
(146, 15, 69, 1.0, 0.2),
(147, 15, 81, 0.8, 0.0),
(148, 15, 82, 0.8, 0.2),
(149, 15, 100, 0.6, 0.2),
(150, 15, 109, 0.8, 0.2),
(151, 15, 128, 0.8, 0.2),
(152, 15, 129, 0.8, 0.2),
(153, 16, 10, 0.6, 0.2),
(154, 16, 13, 0.8, 0.2),
(155, 16, 16, 0.8, 0.0),
(156, 16, 17, 0.8, 0.2),
(157, 16, 20, 0.4, 0.2),
(158, 16, 110, 0.8, 0.0),
(159, 17, 3, 0.4, 0.2),
(160, 17, 19, 0.6, 0.2),
(161, 17, 58, 0.8, 0.2),
(162, 17, 68, 0.8, 0.2),
(163, 17, 80, 0.8, 0.2),
(164, 17, 83, 0.8, 0.0),
(165, 17, 130, 1.0, 0.2),
(166, 17, 131, 0.8, 0.2),
(167, 18, 15, 0.6, 0.2),
(168, 18, 84, 1.0, 0.2),
(169, 18, 85, 0.8, 0.2),
(170, 18, 86, 0.8, 0.2),
(171, 18, 87, 0.8, 0.2),
(172, 18, 88, 0.8, 0.0),
(173, 19, 68, 0.6, 0.2),
(174, 19, 80, 0.6, 0.2),
(175, 19, 91, 0.6, 0.2),
(176, 19, 132, 1.0, 0.2),
(177, 19, 133, 0.8, 0.2),
(178, 20, 3, 0.4, 0.2),
(179, 20, 5, 0.4, 0.2),
(180, 20, 19, 0.6, 0.2),
(181, 20, 20, 0.4, 0.2),
(182, 20, 115, 1.0, 0.2),
(183, 20, 116, 1.0, 0.2),
(184, 20, 117, 0.8, 0.2),
(185, 20, 118, 0.6, 0.2),
(186, 20, 119, 0.8, 0.0),
(187, 21, 3, 0.4, 0.2),
(188, 21, 11, 0.4, 0.2),
(189, 21, 18, 0.4, 0.2),
(190, 21, 19, 0.6, 0.2),
(191, 21, 96, 0.8, 0.2),
(192, 21, 120, 1.0, 0.2),
(193, 21, 121, 1.0, 0.0),
(194, 21, 122, 0.8, 0.2),
(195, 22, 3, 0.4, 0.2),
(196, 22, 4, 0.6, 0.2),
(197, 22, 5, 0.4, 0.2),
(198, 22, 7, 1.0, 0.2),
(199, 22, 9, 0.4, 0.2),
(200, 22, 18, 0.4, 0.2),
(201, 22, 20, 0.4, 0.2),
(202, 22, 113, 0.8, 0.2),
(203, 22, 114, 0.8, 0.0),
(204, 23, 2, 0.6, 0.2),
(205, 23, 5, 0.4, 0.2),
(206, 23, 14, 0.6, 0.2),
(207, 23, 15, 0.6, 0.0),
(208, 23, 30, 0.6, 0.2),
(209, 23, 33, 0.8, 0.2),
(210, 23, 38, 0.8, 0.2),
(211, 23, 41, 0.8, 0.0),
(212, 23, 46, 0.8, 0.2),
(213, 23, 111, 0.8, 0.0),
(214, 23, 112, 1.0, 0.0),
(215, 24, 1, 0.4, 0.2),
(216, 24, 3, 0.4, 0.2),
(217, 24, 8, 0.6, 0.2),
(218, 24, 13, 0.6, 0.2),
(219, 24, 20, 0.4, 0.2),
(220, 24, 21, 0.8, 0.2),
(221, 24, 31, 0.8, 0.2),
(222, 24, 32, 0.8, 0.0),
(223, 24, 89, 0.8, 0.2),
(224, 24, 90, 0.8, 0.2);

-- --------------------------------------------------------

--
-- Struktur dari tabel `gejala`
--

CREATE TABLE `gejala` (
  `kode_gejala` int(11) NOT NULL,
  `nama_gejala` varchar(255) NOT NULL
) ENGINE=InnoDB DEFAULT CHARSET=utf8mb4;

--
-- Dumping data untuk tabel `gejala`
--

INSERT INTO `gejala` (`kode_gejala`, `nama_gejala`) VALUES
(1, 'Demam'),
(2, 'Demam Tinggi'),
(3, 'Nafsu Makan Berkurang'),
(4, 'Batuk - Batuk'),
(5, 'Muntah - Muntah'),
(6, 'Muntah Berdarah'),
(7, 'Muntah gumpalan bulu berbentuk bola atau seperti feses'),
(8, 'Bersin - Bersin'),
(9, 'Berat badan Menurun'),
(10, 'Diare'),
(11, 'Dehidrasi'),
(12, 'Hipotermia (Suhu tubuh menurun'),
(13, 'Menggigil'),
(14, 'Gemetaran'),
(15, 'Sempoyongan'),
(16, 'Makan Banyak tapi tetap kurus'),
(17, 'Perut Buncit'),
(18, 'Kucing Depresi'),
(19, 'Kucing Gelisah'),
(20, 'Kucing Lesu'),
(21, 'Kucing Lemas'),
(22, 'Kucing Pucat'),
(23, 'Lidah pucat'),
(24, 'Gusi Pucat'),
(25, 'Bibir pucat'),
(26, 'Kucing menyendiri'),
(27, 'Kucing Ketakutan'),
(28, 'Senang menyendiri'),
(29, 'Agresif'),
(30, 'Pupil Melebar'),
(31, 'Mata mengeluarkan cairan'),
(32, 'Hidung mengeluarkan cairan'),
(33, 'Hidung Kering'),
(34, 'Mata Membengkak'),
(35, 'Mata Memerah'),
(36, 'Bola mata keruh dan melunak'),
(37, 'Mata iritasi berlebihan'),
(38, 'Mata agak menonjol / melotot'),
(39, 'Gerakan mata abnormal'),
(40, 'Bola mata berubah warna'),
(41, 'Kornea dan membrane mukosa mengering (pucat)'),
(42, 'Pembuluh darah kapiler mebesar dan melebar'),
(43, 'Bersembunyi di tempat yang gelap'),
(44, 'Hyperaktif'),
(45, 'Air liur menetes berlebihan'),
(46, 'Kejang - Kejang'),
(47, 'Radang mulut'),
(48, 'Radang gusi'),
(49, 'Borok pada lidah'),
(50, 'Radang pada saluran pernafasan'),
(51, 'Radang pada saluran kencing dan besar'),
(52, 'Bisul di bagian kepala dan kaki'),
(53, 'Anemia'),
(54, 'Gagal liver (air kencing kuning tua)'),
(55, 'Gejala penyakit kuning pada kulit dan mata'),
(56, 'Flu'),
(57, 'Sensitive terhadap cahaya'),
(58, 'Kucing gatal gatal'),
(59, 'Leleran pada hidung berbulan- bulan'),
(60, 'Menggosok mata ke kaki'),
(61, 'Kesulitan menghentikan getaran di tubuhnya'),
(62, 'Nafas Cepat'),
(63, 'Detak jantung cepat'),
(64, 'Tidur Berlebihan'),
(65, 'Kotoran Kehitaman'),
(66, 'Kencing sering (kadang berdarah)'),
(67, 'Bulu Kusam dan kasar'),
(68, 'Bulu Rontok'),
(69, 'Bulu Menipis'),
(70, 'Infeksi Kulit'),
(71, 'Infeksi Mulut'),
(72, 'Infeksi Kandung kemih'),
(73, 'Masalah pada pernafasan'),
(74, 'Kesulitan Buang Air Kecil'),
(75, 'Urine Berdarah'),
(76, 'Frekwensi Buang air meningkat'),
(77, 'Buang air kecil dalam jumlah sedikit'),
(78, 'Sering menjilati area genita'),
(79, 'Sering buang air di luar kotak pasir'),
(80, 'Kulit Kering bersisik'),
(81, 'Kulit Memerah'),
(82, 'Bagian yang terinfeksi pucat, bersisik dan berketombe'),
(83, 'Sering garuk-garuk'),
(84, 'Menggaruk bagian telinga hingga berdarah'),
(85, 'Sering menggelengkan kepala'),
(86, 'Sering Menunduk'),
(87, 'Berguling-guling'),
(88, 'Menggosok telinga ke lantai atau benda lain'),
(89, 'Sesak nafas'),
(90, 'Kekurangan oksigen '),
(91, 'Bintik bitnik hitam atau komedo'),
(92, 'Sering tiduran di tempat dingin dan basah'),
(93, 'Pembesaran Uterus'),
(94, 'Merasa sakit pada uterus'),
(95, 'Ekor selalu diangkat'),
(96, 'Sering mengejan'),
(97, 'Perut membesar '),
(98, 'Lubang telinga menyempit'),
(99, 'Kulit telinga dalam memerah'),
(100, 'Kulit telinga bersisik '),
(101, 'Kulit telinga benjol bernanah'),
(102, 'Lubang telinga membengkak'),
(103, 'Gatal pada telinga'),
(104, 'Kelenjar susu memerah'),
(105, 'Kelenjar susu sakit'),
(106, 'Menolak untuk menyusui anaknya'),
(107, 'Air susu menguning'),
(108, 'Air susu mengental dan berdarah'),
(109, 'Muka bersisik'),
(110, 'Pertumbuhan terhambat'),
(111, 'Tubuh kucing kaku'),
(112, 'Gangguan syaraf'),
(113, 'Pencernaan terganggu'),
(114, 'Menderita konstipasi/sembelit'),
(115, 'Mencret Berair'),
(116, 'Feses sangat encer'),
(117, 'Kotoran berbau busuk'),
(118, 'Menolak minum'),
(119, 'Kotoran berbusa dan berlendir'),
(120, 'Kesulitan buang air besar'),
(121, 'Anus membengkak'),
(122, 'Kotoran kemerah-merahan'),
(123, 'Pembengkakan pada kelenjar getah bening'),
(124, 'Menyerang hewan lain dan manusia'),
(125, 'Gagal menelan air liur'),
(126, 'Diare berdarah'),
(127, 'Kaki belakang mulai lumpuh'),
(128, 'Luka belang -belang yang berbentuk oval'),
(129, 'Warna kulit yang terluka lebih kelam dri pada kulit lainnya'),
(130, 'Seing menggigit bagian tubuh yang gatal'),
(131, 'Kulit Iritasi'),
(132, 'Bulu Berminyak pada pangkal ekor'),
(133, 'Kulit menebal, mengeras dan berwarna gelap');

-- --------------------------------------------------------

--
-- Struktur dari tabel `hasil`
--

CREATE TABLE `hasil` (
  `id_hasil` int(11) NOT NULL,
  `tanggal` varchar(50) NOT NULL DEFAULT '0',
  `penyakit` text NOT NULL,
  `gejala` text NOT NULL,
  `hasil_id` int(11) NOT NULL,
  `hasil_nilai` varchar(16) NOT NULL
) ENGINE=InnoDB DEFAULT CHARSET=utf8mb4;

--
-- Dumping data untuk tabel `hasil`
--

INSERT INTO `hasil` (`id_hasil`, `tanggal`, `penyakit`, `gejala`, `hasil_id`, `hasil_nilai`) VALUES
(279, '2024-07-23 06:50:50', 'a:5:{i:6;s:6:\"0.8679\";i:13;s:6:\"0.8022\";i:9;s:6:\"0.6534\";i:11;s:6:\"0.5171\";i:10;s:6:\"0.1107\";}', 'a:44:{i:1;s:1:\"8\";i:2;s:1:\"6\";i:3;s:1:\"7\";i:4;s:1:\"2\";i:5;s:1:\"4\";i:6;s:1:\"3\";i:7;s:1:\"1\";i:8;s:1:\"3\";i:9;s:1:\"4\";i:10;s:1:\"6\";i:11;s:1:\"8\";i:12;s:1:\"4\";i:13;s:1:\"5\";i:14;s:1:\"6\";i:15;s:1:\"7\";i:16;s:1:\"7\";i:17;s:1:\"3\";i:18;s:1:\"8\";i:19;s:1:\"5\";i:20;s:1:\"4\";i:21;s:1:\"3\";i:22;s:1:\"5\";i:23;s:1:\"8\";i:24;s:1:\"8\";i:25;s:1:\"5\";i:26;s:1:\"4\";i:27;s:1:\"3\";i:28;s:1:\"5\";i:29;s:1:\"3\";i:30;s:1:\"3\";i:31;s:1:\"2\";i:32;s:1:\"6\";i:33;s:1:\"5\";i:34;s:1:\"5\";i:35;s:1:\"6\";i:36;s:1:\"7\";i:37;s:1:\"2\";i:38;s:1:\"7\";i:39;s:1:\"5\";i:40;s:1:\"4\";i:41;s:1:\"3\";i:42;s:1:\"4\";i:43;s:1:\"5\";i:60;s:1:\"1\";}', 6, '0.8679'),
(280, '2024-07-23 06:53:30', 'a:5:{i:6;s:6:\"0.8679\";i:13;s:6:\"0.8022\";i:9;s:6:\"0.6534\";i:11;s:6:\"0.5171\";i:10;s:6:\"0.1107\";}', 'a:44:{i:1;s:1:\"8\";i:2;s:1:\"6\";i:3;s:1:\"7\";i:4;s:1:\"2\";i:5;s:1:\"4\";i:6;s:1:\"3\";i:7;s:1:\"1\";i:8;s:1:\"3\";i:9;s:1:\"4\";i:10;s:1:\"6\";i:11;s:1:\"8\";i:12;s:1:\"4\";i:13;s:1:\"5\";i:14;s:1:\"6\";i:15;s:1:\"7\";i:16;s:1:\"7\";i:17;s:1:\"3\";i:18;s:1:\"8\";i:19;s:1:\"5\";i:20;s:1:\"4\";i:21;s:1:\"3\";i:22;s:1:\"5\";i:23;s:1:\"8\";i:24;s:1:\"8\";i:25;s:1:\"5\";i:26;s:1:\"4\";i:27;s:1:\"3\";i:28;s:1:\"5\";i:29;s:1:\"3\";i:30;s:1:\"3\";i:31;s:1:\"2\";i:32;s:1:\"6\";i:33;s:1:\"5\";i:34;s:1:\"5\";i:35;s:1:\"6\";i:36;s:1:\"7\";i:37;s:1:\"2\";i:38;s:1:\"7\";i:39;s:1:\"5\";i:40;s:1:\"4\";i:41;s:1:\"3\";i:42;s:1:\"4\";i:43;s:1:\"5\";i:60;s:1:\"1\";}', 6, '0.8679'),
(281, '2024-07-23 06:55:53', 'a:5:{i:6;s:6:\"0.8679\";i:13;s:6:\"0.8022\";i:9;s:6:\"0.6534\";i:11;s:6:\"0.5171\";i:10;s:6:\"0.1107\";}', 'a:44:{i:1;s:1:\"8\";i:2;s:1:\"6\";i:3;s:1:\"7\";i:4;s:1:\"2\";i:5;s:1:\"4\";i:6;s:1:\"3\";i:7;s:1:\"1\";i:8;s:1:\"3\";i:9;s:1:\"4\";i:10;s:1:\"6\";i:11;s:1:\"8\";i:12;s:1:\"4\";i:13;s:1:\"5\";i:14;s:1:\"6\";i:15;s:1:\"7\";i:16;s:1:\"7\";i:17;s:1:\"3\";i:18;s:1:\"8\";i:19;s:1:\"5\";i:20;s:1:\"4\";i:21;s:1:\"3\";i:22;s:1:\"5\";i:23;s:1:\"8\";i:24;s:1:\"8\";i:25;s:1:\"5\";i:26;s:1:\"4\";i:27;s:1:\"3\";i:28;s:1:\"5\";i:29;s:1:\"3\";i:30;s:1:\"3\";i:31;s:1:\"2\";i:32;s:1:\"6\";i:33;s:1:\"5\";i:34;s:1:\"5\";i:35;s:1:\"6\";i:36;s:1:\"7\";i:37;s:1:\"2\";i:38;s:1:\"7\";i:39;s:1:\"5\";i:40;s:1:\"4\";i:41;s:1:\"3\";i:42;s:1:\"4\";i:43;s:1:\"5\";i:60;s:1:\"1\";}', 6, '0.8679'),
(282, '2024-07-23 06:56:22', 'a:5:{i:6;s:6:\"0.8679\";i:13;s:6:\"0.8022\";i:9;s:6:\"0.6534\";i:11;s:6:\"0.5171\";i:10;s:6:\"0.1107\";}', 'a:44:{i:1;s:1:\"8\";i:2;s:1:\"6\";i:3;s:1:\"7\";i:4;s:1:\"2\";i:5;s:1:\"4\";i:6;s:1:\"3\";i:7;s:1:\"1\";i:8;s:1:\"3\";i:9;s:1:\"4\";i:10;s:1:\"6\";i:11;s:1:\"8\";i:12;s:1:\"4\";i:13;s:1:\"5\";i:14;s:1:\"6\";i:15;s:1:\"7\";i:16;s:1:\"7\";i:17;s:1:\"3\";i:18;s:1:\"8\";i:19;s:1:\"5\";i:20;s:1:\"4\";i:21;s:1:\"3\";i:22;s:1:\"5\";i:23;s:1:\"8\";i:24;s:1:\"8\";i:25;s:1:\"5\";i:26;s:1:\"4\";i:27;s:1:\"3\";i:28;s:1:\"5\";i:29;s:1:\"3\";i:30;s:1:\"3\";i:31;s:1:\"2\";i:32;s:1:\"6\";i:33;s:1:\"5\";i:34;s:1:\"5\";i:35;s:1:\"6\";i:36;s:1:\"7\";i:37;s:1:\"2\";i:38;s:1:\"7\";i:39;s:1:\"5\";i:40;s:1:\"4\";i:41;s:1:\"3\";i:42;s:1:\"4\";i:43;s:1:\"5\";i:60;s:1:\"1\";}', 6, '0.8679'),
(283, '2024-07-23 06:57:25', 'a:5:{i:6;s:6:\"0.8679\";i:13;s:6:\"0.8022\";i:9;s:6:\"0.6534\";i:11;s:6:\"0.5171\";i:10;s:6:\"0.1107\";}', 'a:44:{i:1;s:1:\"8\";i:2;s:1:\"6\";i:3;s:1:\"7\";i:4;s:1:\"2\";i:5;s:1:\"4\";i:6;s:1:\"3\";i:7;s:1:\"1\";i:8;s:1:\"3\";i:9;s:1:\"4\";i:10;s:1:\"6\";i:11;s:1:\"8\";i:12;s:1:\"4\";i:13;s:1:\"5\";i:14;s:1:\"6\";i:15;s:1:\"7\";i:16;s:1:\"7\";i:17;s:1:\"3\";i:18;s:1:\"8\";i:19;s:1:\"5\";i:20;s:1:\"4\";i:21;s:1:\"3\";i:22;s:1:\"5\";i:23;s:1:\"8\";i:24;s:1:\"8\";i:25;s:1:\"5\";i:26;s:1:\"4\";i:27;s:1:\"3\";i:28;s:1:\"5\";i:29;s:1:\"3\";i:30;s:1:\"3\";i:31;s:1:\"2\";i:32;s:1:\"6\";i:33;s:1:\"5\";i:34;s:1:\"5\";i:35;s:1:\"6\";i:36;s:1:\"7\";i:37;s:1:\"2\";i:38;s:1:\"7\";i:39;s:1:\"5\";i:40;s:1:\"4\";i:41;s:1:\"3\";i:42;s:1:\"4\";i:43;s:1:\"5\";i:60;s:1:\"1\";}', 6, '0.8679'),
(284, '2024-07-23 07:02:45', 'a:5:{i:6;s:6:\"0.8679\";i:13;s:6:\"0.8022\";i:9;s:6:\"0.6534\";i:11;s:6:\"0.5171\";i:10;s:6:\"0.1107\";}', 'a:44:{i:1;s:1:\"8\";i:2;s:1:\"6\";i:3;s:1:\"7\";i:4;s:1:\"2\";i:5;s:1:\"4\";i:6;s:1:\"3\";i:7;s:1:\"1\";i:8;s:1:\"3\";i:9;s:1:\"4\";i:10;s:1:\"6\";i:11;s:1:\"8\";i:12;s:1:\"4\";i:13;s:1:\"5\";i:14;s:1:\"6\";i:15;s:1:\"7\";i:16;s:1:\"7\";i:17;s:1:\"3\";i:18;s:1:\"8\";i:19;s:1:\"5\";i:20;s:1:\"4\";i:21;s:1:\"3\";i:22;s:1:\"5\";i:23;s:1:\"8\";i:24;s:1:\"8\";i:25;s:1:\"5\";i:26;s:1:\"4\";i:27;s:1:\"3\";i:28;s:1:\"5\";i:29;s:1:\"3\";i:30;s:1:\"3\";i:31;s:1:\"2\";i:32;s:1:\"6\";i:33;s:1:\"5\";i:34;s:1:\"5\";i:35;s:1:\"6\";i:36;s:1:\"7\";i:37;s:1:\"2\";i:38;s:1:\"7\";i:39;s:1:\"5\";i:40;s:1:\"4\";i:41;s:1:\"3\";i:42;s:1:\"4\";i:43;s:1:\"5\";i:60;s:1:\"1\";}', 6, '0.8679'),
(285, '2024-07-23 07:09:04', 'a:5:{i:6;s:6:\"0.8679\";i:13;s:6:\"0.8022\";i:9;s:6:\"0.6534\";i:11;s:6:\"0.5171\";i:10;s:6:\"0.1107\";}', 'a:44:{i:1;s:1:\"8\";i:2;s:1:\"6\";i:3;s:1:\"7\";i:4;s:1:\"2\";i:5;s:1:\"4\";i:6;s:1:\"3\";i:7;s:1:\"1\";i:8;s:1:\"3\";i:9;s:1:\"4\";i:10;s:1:\"6\";i:11;s:1:\"8\";i:12;s:1:\"4\";i:13;s:1:\"5\";i:14;s:1:\"6\";i:15;s:1:\"7\";i:16;s:1:\"7\";i:17;s:1:\"3\";i:18;s:1:\"8\";i:19;s:1:\"5\";i:20;s:1:\"4\";i:21;s:1:\"3\";i:22;s:1:\"5\";i:23;s:1:\"8\";i:24;s:1:\"8\";i:25;s:1:\"5\";i:26;s:1:\"4\";i:27;s:1:\"3\";i:28;s:1:\"5\";i:29;s:1:\"3\";i:30;s:1:\"3\";i:31;s:1:\"2\";i:32;s:1:\"6\";i:33;s:1:\"5\";i:34;s:1:\"5\";i:35;s:1:\"6\";i:36;s:1:\"7\";i:37;s:1:\"2\";i:38;s:1:\"7\";i:39;s:1:\"5\";i:40;s:1:\"4\";i:41;s:1:\"3\";i:42;s:1:\"4\";i:43;s:1:\"5\";i:60;s:1:\"1\";}', 6, '0.8679'),
(286, '2024-07-23 10:30:58', 'a:8:{i:4;s:6:\"0.6800\";i:5;s:6:\"0.4000\";i:13;s:6:\"0.2400\";i:2;s:6:\"0.2000\";i:7;s:6:\"0.2000\";i:9;s:6:\"0.2000\";i:10;s:6:\"0.2000\";i:12;s:6:\"0.2000\";}', 'a:3:{i:1;s:1:\"1\";i:4;s:1:\"1\";i:7;s:1:\"4\";}', 4, '0.6800'),
(287, '2024-07-30 09:03:55', 'a:2:{i:13;s:6:\"0.3600\";i:2;s:6:\"0.2000\";}', 'a:6:{i:1;s:1:\"7\";i:2;s:1:\"9\";i:3;s:1:\"4\";i:4;s:1:\"6\";i:5;s:1:\"6\";i:7;s:1:\"3\";}', 13, '0.3600'),
(288, '2024-07-30 09:04:38', 'a:7:{i:10;s:6:\"0.5840\";i:8;s:6:\"0.4800\";i:11;s:6:\"0.4800\";i:5;s:6:\"0.4000\";i:7;s:6:\"0.2000\";i:9;s:6:\"0.2000\";i:12;s:6:\"0.2000\";}', 'a:4:{i:1;s:1:\"1\";i:2;s:1:\"2\";i:3;s:1:\"7\";i:4;s:1:\"8\";}', 10, '0.5840'),
(289, '2024-07-30 09:06:45', 'a:7:{i:10;s:6:\"0.5840\";i:8;s:6:\"0.4800\";i:11;s:6:\"0.4800\";i:5;s:6:\"0.4000\";i:7;s:6:\"0.2000\";i:9;s:6:\"0.2000\";i:12;s:6:\"0.2000\";}', 'a:4:{i:1;s:1:\"1\";i:2;s:1:\"2\";i:3;s:1:\"7\";i:4;s:1:\"8\";}', 10, '0.5840'),
(290, '2024-07-30 09:08:16', 'a:7:{i:10;s:6:\"0.5840\";i:8;s:6:\"0.4800\";i:11;s:6:\"0.4800\";i:5;s:6:\"0.4000\";i:7;s:6:\"0.2000\";i:9;s:6:\"0.2000\";i:12;s:6:\"0.2000\";}', 'a:4:{i:1;s:1:\"1\";i:2;s:1:\"2\";i:3;s:1:\"7\";i:4;s:1:\"8\";}', 10, '0.5840'),
(291, '2024-07-30 09:10:41', 'a:7:{i:10;s:6:\"0.5840\";i:8;s:6:\"0.4800\";i:11;s:6:\"0.4800\";i:5;s:6:\"0.4000\";i:7;s:6:\"0.2000\";i:9;s:6:\"0.2000\";i:12;s:6:\"0.2000\";}', 'a:4:{i:1;s:1:\"1\";i:2;s:1:\"2\";i:3;s:1:\"7\";i:4;s:1:\"8\";}', 10, '0.5840'),
(292, '2024-07-30 09:11:49', 'a:7:{i:10;s:6:\"0.5840\";i:8;s:6:\"0.4800\";i:11;s:6:\"0.4800\";i:5;s:6:\"0.4000\";i:7;s:6:\"0.2000\";i:9;s:6:\"0.2000\";i:12;s:6:\"0.2000\";}', 'a:4:{i:1;s:1:\"1\";i:2;s:1:\"2\";i:3;s:1:\"7\";i:4;s:1:\"8\";}', 10, '0.5840'),
(293, '2024-07-30 09:12:37', 'a:7:{i:10;s:6:\"0.5840\";i:8;s:6:\"0.4800\";i:11;s:6:\"0.4800\";i:5;s:6:\"0.4000\";i:7;s:6:\"0.2000\";i:9;s:6:\"0.2000\";i:12;s:6:\"0.2000\";}', 'a:4:{i:1;s:1:\"1\";i:2;s:1:\"2\";i:3;s:1:\"7\";i:4;s:1:\"8\";}', 10, '0.5840'),
(294, '2024-07-30 09:12:57', 'a:7:{i:10;s:6:\"0.5840\";i:8;s:6:\"0.4800\";i:11;s:6:\"0.4800\";i:5;s:6:\"0.4000\";i:7;s:6:\"0.2000\";i:9;s:6:\"0.2000\";i:12;s:6:\"0.2000\";}', 'a:4:{i:1;s:1:\"1\";i:2;s:1:\"2\";i:3;s:1:\"7\";i:4;s:1:\"8\";}', 10, '0.5840'),
(295, '2024-07-30 09:13:44', 'a:7:{i:10;s:6:\"0.5840\";i:8;s:6:\"0.4800\";i:11;s:6:\"0.4800\";i:5;s:6:\"0.4000\";i:7;s:6:\"0.2000\";i:9;s:6:\"0.2000\";i:12;s:6:\"0.2000\";}', 'a:4:{i:1;s:1:\"1\";i:2;s:1:\"2\";i:3;s:1:\"7\";i:4;s:1:\"8\";}', 10, '0.5840'),
(296, '2024-07-30 09:13:55', 'a:7:{i:10;s:6:\"0.5840\";i:8;s:6:\"0.4800\";i:11;s:6:\"0.4800\";i:5;s:6:\"0.4000\";i:7;s:6:\"0.2000\";i:9;s:6:\"0.2000\";i:12;s:6:\"0.2000\";}', 'a:4:{i:1;s:1:\"1\";i:2;s:1:\"2\";i:3;s:1:\"7\";i:4;s:1:\"8\";}', 10, '0.5840'),
(297, '2024-07-30 10:32:20', 'a:13:{i:1;s:6:\"0.3600\";i:6;s:6:\"0.3600\";i:10;s:6:\"0.3600\";i:24;s:6:\"0.3600\";i:8;s:6:\"0.2800\";i:11;s:6:\"0.2800\";i:7;s:6:\"0.2000\";i:13;s:6:\"0.2000\";i:17;s:6:\"0.2000\";i:21;s:6:\"0.2000\";i:4;s:6:\"0.1200\";i:20;s:6:\"0.1200\";i:22;s:6:\"0.0400\";}', 'a:6:{i:1;s:1:\"1\";i:2;s:1:\"9\";i:3;s:1:\"1\";i:4;s:1:\"5\";i:5;s:1:\"6\";i:6;s:1:\"7\";}', 1, '0.3600'),
(298, '2024-07-30 10:55:25', 'a:13:{i:1;s:6:\"0.3600\";i:6;s:6:\"0.3600\";i:10;s:6:\"0.3600\";i:24;s:6:\"0.3600\";i:8;s:6:\"0.2800\";i:11;s:6:\"0.2800\";i:7;s:6:\"0.2000\";i:13;s:6:\"0.2000\";i:17;s:6:\"0.2000\";i:21;s:6:\"0.2000\";i:4;s:6:\"0.1200\";i:20;s:6:\"0.1200\";i:22;s:6:\"0.0400\";}', 'a:6:{i:1;s:1:\"1\";i:2;s:1:\"9\";i:3;s:1:\"1\";i:4;s:1:\"5\";i:5;s:1:\"6\";i:6;s:1:\"7\";}', 1, '0.3600'),
(299, '2024-07-30 10:55:26', 'a:13:{i:1;s:6:\"0.3600\";i:6;s:6:\"0.3600\";i:10;s:6:\"0.3600\";i:24;s:6:\"0.3600\";i:8;s:6:\"0.2800\";i:11;s:6:\"0.2800\";i:7;s:6:\"0.2000\";i:13;s:6:\"0.2000\";i:17;s:6:\"0.2000\";i:21;s:6:\"0.2000\";i:4;s:6:\"0.1200\";i:20;s:6:\"0.1200\";i:22;s:6:\"0.0400\";}', 'a:6:{i:1;s:1:\"1\";i:2;s:1:\"9\";i:3;s:1:\"1\";i:4;s:1:\"5\";i:5;s:1:\"6\";i:6;s:1:\"7\";}', 1, '0.3600'),
(300, '2024-07-30 10:56:27', 'a:13:{i:1;s:6:\"0.3600\";i:6;s:6:\"0.3600\";i:10;s:6:\"0.3600\";i:24;s:6:\"0.3600\";i:8;s:6:\"0.2800\";i:11;s:6:\"0.2800\";i:7;s:6:\"0.2000\";i:13;s:6:\"0.2000\";i:17;s:6:\"0.2000\";i:21;s:6:\"0.2000\";i:4;s:6:\"0.1200\";i:20;s:6:\"0.1200\";i:22;s:6:\"0.0400\";}', 'a:6:{i:1;s:1:\"1\";i:2;s:1:\"9\";i:3;s:1:\"1\";i:4;s:1:\"5\";i:5;s:1:\"6\";i:6;s:1:\"7\";}', 1, '0.3600'),
(301, '2024-07-30 10:57:15', 'a:13:{i:1;s:6:\"0.3600\";i:6;s:6:\"0.3600\";i:10;s:6:\"0.3600\";i:24;s:6:\"0.3600\";i:8;s:6:\"0.2800\";i:11;s:6:\"0.2800\";i:7;s:6:\"0.2000\";i:13;s:6:\"0.2000\";i:17;s:6:\"0.2000\";i:21;s:6:\"0.2000\";i:4;s:6:\"0.1200\";i:20;s:6:\"0.1200\";i:22;s:6:\"0.0400\";}', 'a:6:{i:1;s:1:\"1\";i:2;s:1:\"9\";i:3;s:1:\"1\";i:4;s:1:\"5\";i:5;s:1:\"6\";i:6;s:1:\"7\";}', 1, '0.3600'),
(302, '2024-07-30 11:02:28', 'a:13:{i:1;s:6:\"0.3600\";i:6;s:6:\"0.3600\";i:10;s:6:\"0.3600\";i:24;s:6:\"0.3600\";i:8;s:6:\"0.2800\";i:11;s:6:\"0.2800\";i:7;s:6:\"0.2000\";i:13;s:6:\"0.2000\";i:17;s:6:\"0.2000\";i:21;s:6:\"0.2000\";i:4;s:6:\"0.1200\";i:20;s:6:\"0.1200\";i:22;s:6:\"0.0400\";}', 'a:6:{i:1;s:1:\"1\";i:2;s:1:\"9\";i:3;s:1:\"1\";i:4;s:1:\"5\";i:5;s:1:\"6\";i:6;s:1:\"7\";}', 1, '0.3600'),
(303, '2024-07-30 11:02:30', 'a:13:{i:1;s:6:\"0.3600\";i:6;s:6:\"0.3600\";i:10;s:6:\"0.3600\";i:24;s:6:\"0.3600\";i:8;s:6:\"0.2800\";i:11;s:6:\"0.2800\";i:7;s:6:\"0.2000\";i:13;s:6:\"0.2000\";i:17;s:6:\"0.2000\";i:21;s:6:\"0.2000\";i:4;s:6:\"0.1200\";i:20;s:6:\"0.1200\";i:22;s:6:\"0.0400\";}', 'a:6:{i:1;s:1:\"1\";i:2;s:1:\"9\";i:3;s:1:\"1\";i:4;s:1:\"5\";i:5;s:1:\"6\";i:6;s:1:\"7\";}', 1, '0.3600'),
(304, '2024-07-30 11:20:32', 'a:13:{i:1;s:6:\"0.3600\";i:6;s:6:\"0.3600\";i:10;s:6:\"0.3600\";i:24;s:6:\"0.3600\";i:8;s:6:\"0.2800\";i:11;s:6:\"0.2800\";i:7;s:6:\"0.2000\";i:13;s:6:\"0.2000\";i:17;s:6:\"0.2000\";i:21;s:6:\"0.2000\";i:4;s:6:\"0.1200\";i:20;s:6:\"0.1200\";i:22;s:6:\"0.0400\";}', 'a:6:{i:1;s:1:\"1\";i:2;s:1:\"9\";i:3;s:1:\"1\";i:4;s:1:\"5\";i:5;s:1:\"6\";i:6;s:1:\"7\";}', 1, '0.3600'),
(305, '2024-07-30 11:20:45', 'a:13:{i:1;s:6:\"0.3600\";i:6;s:6:\"0.3600\";i:10;s:6:\"0.3600\";i:24;s:6:\"0.3600\";i:8;s:6:\"0.2800\";i:11;s:6:\"0.2800\";i:7;s:6:\"0.2000\";i:13;s:6:\"0.2000\";i:17;s:6:\"0.2000\";i:21;s:6:\"0.2000\";i:4;s:6:\"0.1200\";i:20;s:6:\"0.1200\";i:22;s:6:\"0.0400\";}', 'a:6:{i:1;s:1:\"1\";i:2;s:1:\"9\";i:3;s:1:\"1\";i:4;s:1:\"5\";i:5;s:1:\"6\";i:6;s:1:\"7\";}', 1, '0.3600'),
(306, '2024-07-30 11:23:11', 'a:13:{i:1;s:6:\"0.3600\";i:6;s:6:\"0.3600\";i:10;s:6:\"0.3600\";i:24;s:6:\"0.3600\";i:8;s:6:\"0.2800\";i:11;s:6:\"0.2800\";i:7;s:6:\"0.2000\";i:13;s:6:\"0.2000\";i:17;s:6:\"0.2000\";i:21;s:6:\"0.2000\";i:4;s:6:\"0.1200\";i:20;s:6:\"0.1200\";i:22;s:6:\"0.0400\";}', 'a:6:{i:1;s:1:\"1\";i:2;s:1:\"9\";i:3;s:1:\"1\";i:4;s:1:\"5\";i:5;s:1:\"6\";i:6;s:1:\"7\";}', 1, '0.3600'),
(307, '2024-07-30 11:24:03', 'a:13:{i:1;s:6:\"0.3600\";i:6;s:6:\"0.3600\";i:10;s:6:\"0.3600\";i:24;s:6:\"0.3600\";i:8;s:6:\"0.2800\";i:11;s:6:\"0.2800\";i:7;s:6:\"0.2000\";i:13;s:6:\"0.2000\";i:17;s:6:\"0.2000\";i:21;s:6:\"0.2000\";i:4;s:6:\"0.1200\";i:20;s:6:\"0.1200\";i:22;s:6:\"0.0400\";}', 'a:6:{i:1;s:1:\"1\";i:2;s:1:\"9\";i:3;s:1:\"1\";i:4;s:1:\"5\";i:5;s:1:\"6\";i:6;s:1:\"7\";}', 1, '0.3600'),
(308, '2024-07-30 11:24:04', 'a:13:{i:1;s:6:\"0.3600\";i:6;s:6:\"0.3600\";i:10;s:6:\"0.3600\";i:24;s:6:\"0.3600\";i:8;s:6:\"0.2800\";i:11;s:6:\"0.2800\";i:7;s:6:\"0.2000\";i:13;s:6:\"0.2000\";i:17;s:6:\"0.2000\";i:21;s:6:\"0.2000\";i:4;s:6:\"0.1200\";i:20;s:6:\"0.1200\";i:22;s:6:\"0.0400\";}', 'a:6:{i:1;s:1:\"1\";i:2;s:1:\"9\";i:3;s:1:\"1\";i:4;s:1:\"5\";i:5;s:1:\"6\";i:6;s:1:\"7\";}', 1, '0.3600'),
(309, '2024-07-30 11:25:51', 'a:13:{i:1;s:6:\"0.3600\";i:6;s:6:\"0.3600\";i:10;s:6:\"0.3600\";i:24;s:6:\"0.3600\";i:8;s:6:\"0.2800\";i:11;s:6:\"0.2800\";i:7;s:6:\"0.2000\";i:13;s:6:\"0.2000\";i:17;s:6:\"0.2000\";i:21;s:6:\"0.2000\";i:4;s:6:\"0.1200\";i:20;s:6:\"0.1200\";i:22;s:6:\"0.0400\";}', 'a:6:{i:1;s:1:\"1\";i:2;s:1:\"9\";i:3;s:1:\"1\";i:4;s:1:\"5\";i:5;s:1:\"6\";i:6;s:1:\"7\";}', 1, '0.3600'),
(310, '2024-07-30 11:26:26', 'a:13:{i:1;s:6:\"0.3600\";i:6;s:6:\"0.3600\";i:10;s:6:\"0.3600\";i:24;s:6:\"0.3600\";i:8;s:6:\"0.2800\";i:11;s:6:\"0.2800\";i:7;s:6:\"0.2000\";i:13;s:6:\"0.2000\";i:17;s:6:\"0.2000\";i:21;s:6:\"0.2000\";i:4;s:6:\"0.1200\";i:20;s:6:\"0.1200\";i:22;s:6:\"0.0400\";}', 'a:6:{i:1;s:1:\"1\";i:2;s:1:\"9\";i:3;s:1:\"1\";i:4;s:1:\"5\";i:5;s:1:\"6\";i:6;s:1:\"7\";}', 1, '0.3600'),
(311, '2024-07-30 11:26:27', 'a:13:{i:1;s:6:\"0.3600\";i:6;s:6:\"0.3600\";i:10;s:6:\"0.3600\";i:24;s:6:\"0.3600\";i:8;s:6:\"0.2800\";i:11;s:6:\"0.2800\";i:7;s:6:\"0.2000\";i:13;s:6:\"0.2000\";i:17;s:6:\"0.2000\";i:21;s:6:\"0.2000\";i:4;s:6:\"0.1200\";i:20;s:6:\"0.1200\";i:22;s:6:\"0.0400\";}', 'a:6:{i:1;s:1:\"1\";i:2;s:1:\"9\";i:3;s:1:\"1\";i:4;s:1:\"5\";i:5;s:1:\"6\";i:6;s:1:\"7\";}', 1, '0.3600'),
(312, '2024-07-30 11:26:28', 'a:13:{i:1;s:6:\"0.3600\";i:6;s:6:\"0.3600\";i:10;s:6:\"0.3600\";i:24;s:6:\"0.3600\";i:8;s:6:\"0.2800\";i:11;s:6:\"0.2800\";i:7;s:6:\"0.2000\";i:13;s:6:\"0.2000\";i:17;s:6:\"0.2000\";i:21;s:6:\"0.2000\";i:4;s:6:\"0.1200\";i:20;s:6:\"0.1200\";i:22;s:6:\"0.0400\";}', 'a:6:{i:1;s:1:\"1\";i:2;s:1:\"9\";i:3;s:1:\"1\";i:4;s:1:\"5\";i:5;s:1:\"6\";i:6;s:1:\"7\";}', 1, '0.3600'),
(313, '2024-07-30 11:26:29', 'a:13:{i:1;s:6:\"0.3600\";i:6;s:6:\"0.3600\";i:10;s:6:\"0.3600\";i:24;s:6:\"0.3600\";i:8;s:6:\"0.2800\";i:11;s:6:\"0.2800\";i:7;s:6:\"0.2000\";i:13;s:6:\"0.2000\";i:17;s:6:\"0.2000\";i:21;s:6:\"0.2000\";i:4;s:6:\"0.1200\";i:20;s:6:\"0.1200\";i:22;s:6:\"0.0400\";}', 'a:6:{i:1;s:1:\"1\";i:2;s:1:\"9\";i:3;s:1:\"1\";i:4;s:1:\"5\";i:5;s:1:\"6\";i:6;s:1:\"7\";}', 1, '0.3600'),
(314, '2024-07-30 11:26:29', 'a:13:{i:1;s:6:\"0.3600\";i:6;s:6:\"0.3600\";i:10;s:6:\"0.3600\";i:24;s:6:\"0.3600\";i:8;s:6:\"0.2800\";i:11;s:6:\"0.2800\";i:7;s:6:\"0.2000\";i:13;s:6:\"0.2000\";i:17;s:6:\"0.2000\";i:21;s:6:\"0.2000\";i:4;s:6:\"0.1200\";i:20;s:6:\"0.1200\";i:22;s:6:\"0.0400\";}', 'a:6:{i:1;s:1:\"1\";i:2;s:1:\"9\";i:3;s:1:\"1\";i:4;s:1:\"5\";i:5;s:1:\"6\";i:6;s:1:\"7\";}', 1, '0.3600'),
(315, '2024-07-30 11:28:03', 'a:13:{i:1;s:6:\"0.3600\";i:6;s:6:\"0.3600\";i:10;s:6:\"0.3600\";i:24;s:6:\"0.3600\";i:8;s:6:\"0.2800\";i:11;s:6:\"0.2800\";i:7;s:6:\"0.2000\";i:13;s:6:\"0.2000\";i:17;s:6:\"0.2000\";i:21;s:6:\"0.2000\";i:4;s:6:\"0.1200\";i:20;s:6:\"0.1200\";i:22;s:6:\"0.0400\";}', 'a:6:{i:1;s:1:\"1\";i:2;s:1:\"9\";i:3;s:1:\"1\";i:4;s:1:\"5\";i:5;s:1:\"6\";i:6;s:1:\"7\";}', 1, '0.3600'),
(316, '2024-07-30 11:28:22', 'a:13:{i:1;s:6:\"0.3600\";i:6;s:6:\"0.3600\";i:10;s:6:\"0.3600\";i:24;s:6:\"0.3600\";i:8;s:6:\"0.2800\";i:11;s:6:\"0.2800\";i:7;s:6:\"0.2000\";i:13;s:6:\"0.2000\";i:17;s:6:\"0.2000\";i:21;s:6:\"0.2000\";i:4;s:6:\"0.1200\";i:20;s:6:\"0.1200\";i:22;s:6:\"0.0400\";}', 'a:6:{i:1;s:1:\"1\";i:2;s:1:\"9\";i:3;s:1:\"1\";i:4;s:1:\"5\";i:5;s:1:\"6\";i:6;s:1:\"7\";}', 1, '0.3600'),
(317, '2024-07-30 11:30:23', 'a:13:{i:1;s:6:\"0.3600\";i:6;s:6:\"0.3600\";i:10;s:6:\"0.3600\";i:24;s:6:\"0.3600\";i:8;s:6:\"0.2800\";i:11;s:6:\"0.2800\";i:7;s:6:\"0.2000\";i:13;s:6:\"0.2000\";i:17;s:6:\"0.2000\";i:21;s:6:\"0.2000\";i:4;s:6:\"0.1200\";i:20;s:6:\"0.1200\";i:22;s:6:\"0.0400\";}', 'a:6:{i:1;s:1:\"1\";i:2;s:1:\"9\";i:3;s:1:\"1\";i:4;s:1:\"5\";i:5;s:1:\"6\";i:6;s:1:\"7\";}', 1, '0.3600'),
(318, '2024-07-30 11:30:24', 'a:13:{i:1;s:6:\"0.3600\";i:6;s:6:\"0.3600\";i:10;s:6:\"0.3600\";i:24;s:6:\"0.3600\";i:8;s:6:\"0.2800\";i:11;s:6:\"0.2800\";i:7;s:6:\"0.2000\";i:13;s:6:\"0.2000\";i:17;s:6:\"0.2000\";i:21;s:6:\"0.2000\";i:4;s:6:\"0.1200\";i:20;s:6:\"0.1200\";i:22;s:6:\"0.0400\";}', 'a:6:{i:1;s:1:\"1\";i:2;s:1:\"9\";i:3;s:1:\"1\";i:4;s:1:\"5\";i:5;s:1:\"6\";i:6;s:1:\"7\";}', 1, '0.3600'),
(319, '2024-07-30 11:31:01', 'a:13:{i:1;s:6:\"0.3600\";i:6;s:6:\"0.3600\";i:10;s:6:\"0.3600\";i:24;s:6:\"0.3600\";i:8;s:6:\"0.2800\";i:11;s:6:\"0.2800\";i:7;s:6:\"0.2000\";i:13;s:6:\"0.2000\";i:17;s:6:\"0.2000\";i:21;s:6:\"0.2000\";i:4;s:6:\"0.1200\";i:20;s:6:\"0.1200\";i:22;s:6:\"0.0400\";}', 'a:6:{i:1;s:1:\"1\";i:2;s:1:\"9\";i:3;s:1:\"1\";i:4;s:1:\"5\";i:5;s:1:\"6\";i:6;s:1:\"7\";}', 1, '0.3600'),
(320, '2024-07-30 11:31:54', 'a:13:{i:1;s:6:\"0.3600\";i:6;s:6:\"0.3600\";i:10;s:6:\"0.3600\";i:24;s:6:\"0.3600\";i:8;s:6:\"0.2800\";i:11;s:6:\"0.2800\";i:7;s:6:\"0.2000\";i:13;s:6:\"0.2000\";i:17;s:6:\"0.2000\";i:21;s:6:\"0.2000\";i:4;s:6:\"0.1200\";i:20;s:6:\"0.1200\";i:22;s:6:\"0.0400\";}', 'a:6:{i:1;s:1:\"1\";i:2;s:1:\"9\";i:3;s:1:\"1\";i:4;s:1:\"5\";i:5;s:1:\"6\";i:6;s:1:\"7\";}', 1, '0.3600'),
(321, '2024-07-30 11:32:24', 'a:13:{i:1;s:6:\"0.3600\";i:6;s:6:\"0.3600\";i:10;s:6:\"0.3600\";i:24;s:6:\"0.3600\";i:8;s:6:\"0.2800\";i:11;s:6:\"0.2800\";i:7;s:6:\"0.2000\";i:13;s:6:\"0.2000\";i:17;s:6:\"0.2000\";i:21;s:6:\"0.2000\";i:4;s:6:\"0.1200\";i:20;s:6:\"0.1200\";i:22;s:6:\"0.0400\";}', 'a:6:{i:1;s:1:\"1\";i:2;s:1:\"9\";i:3;s:1:\"1\";i:4;s:1:\"5\";i:5;s:1:\"6\";i:6;s:1:\"7\";}', 1, '0.3600'),
(322, '2024-07-30 11:32:57', 'a:13:{i:1;s:6:\"0.3600\";i:6;s:6:\"0.3600\";i:10;s:6:\"0.3600\";i:24;s:6:\"0.3600\";i:8;s:6:\"0.2800\";i:11;s:6:\"0.2800\";i:7;s:6:\"0.2000\";i:13;s:6:\"0.2000\";i:17;s:6:\"0.2000\";i:21;s:6:\"0.2000\";i:4;s:6:\"0.1200\";i:20;s:6:\"0.1200\";i:22;s:6:\"0.0400\";}', 'a:6:{i:1;s:1:\"1\";i:2;s:1:\"9\";i:3;s:1:\"1\";i:4;s:1:\"5\";i:5;s:1:\"6\";i:6;s:1:\"7\";}', 1, '0.3600'),
(323, '2024-07-30 11:32:58', 'a:13:{i:1;s:6:\"0.3600\";i:6;s:6:\"0.3600\";i:10;s:6:\"0.3600\";i:24;s:6:\"0.3600\";i:8;s:6:\"0.2800\";i:11;s:6:\"0.2800\";i:7;s:6:\"0.2000\";i:13;s:6:\"0.2000\";i:17;s:6:\"0.2000\";i:21;s:6:\"0.2000\";i:4;s:6:\"0.1200\";i:20;s:6:\"0.1200\";i:22;s:6:\"0.0400\";}', 'a:6:{i:1;s:1:\"1\";i:2;s:1:\"9\";i:3;s:1:\"1\";i:4;s:1:\"5\";i:5;s:1:\"6\";i:6;s:1:\"7\";}', 1, '0.3600'),
(324, '2024-07-30 11:33:28', 'a:13:{i:1;s:6:\"0.3600\";i:6;s:6:\"0.3600\";i:10;s:6:\"0.3600\";i:24;s:6:\"0.3600\";i:8;s:6:\"0.2800\";i:11;s:6:\"0.2800\";i:7;s:6:\"0.2000\";i:13;s:6:\"0.2000\";i:17;s:6:\"0.2000\";i:21;s:6:\"0.2000\";i:4;s:6:\"0.1200\";i:20;s:6:\"0.1200\";i:22;s:6:\"0.0400\";}', 'a:6:{i:1;s:1:\"1\";i:2;s:1:\"9\";i:3;s:1:\"1\";i:4;s:1:\"5\";i:5;s:1:\"6\";i:6;s:1:\"7\";}', 1, '0.3600'),
(325, '2024-07-30 11:34:34', 'a:13:{i:1;s:6:\"0.3600\";i:6;s:6:\"0.3600\";i:10;s:6:\"0.3600\";i:24;s:6:\"0.3600\";i:8;s:6:\"0.2800\";i:11;s:6:\"0.2800\";i:7;s:6:\"0.2000\";i:13;s:6:\"0.2000\";i:17;s:6:\"0.2000\";i:21;s:6:\"0.2000\";i:4;s:6:\"0.1200\";i:20;s:6:\"0.1200\";i:22;s:6:\"0.0400\";}', 'a:6:{i:1;s:1:\"1\";i:2;s:1:\"9\";i:3;s:1:\"1\";i:4;s:1:\"5\";i:5;s:1:\"6\";i:6;s:1:\"7\";}', 1, '0.3600'),
(326, '2024-07-30 11:37:42', 'a:13:{i:1;s:6:\"0.3600\";i:6;s:6:\"0.3600\";i:10;s:6:\"0.3600\";i:24;s:6:\"0.3600\";i:8;s:6:\"0.2800\";i:11;s:6:\"0.2800\";i:7;s:6:\"0.2000\";i:13;s:6:\"0.2000\";i:17;s:6:\"0.2000\";i:21;s:6:\"0.2000\";i:4;s:6:\"0.1200\";i:20;s:6:\"0.1200\";i:22;s:6:\"0.0400\";}', 'a:6:{i:1;s:1:\"1\";i:2;s:1:\"9\";i:3;s:1:\"1\";i:4;s:1:\"5\";i:5;s:1:\"6\";i:6;s:1:\"7\";}', 1, '0.3600'),
(327, '2024-07-30 11:39:25', 'a:13:{i:1;s:6:\"0.3600\";i:6;s:6:\"0.3600\";i:10;s:6:\"0.3600\";i:24;s:6:\"0.3600\";i:8;s:6:\"0.2800\";i:11;s:6:\"0.2800\";i:7;s:6:\"0.2000\";i:13;s:6:\"0.2000\";i:17;s:6:\"0.2000\";i:21;s:6:\"0.2000\";i:4;s:6:\"0.1200\";i:20;s:6:\"0.1200\";i:22;s:6:\"0.0400\";}', 'a:6:{i:1;s:1:\"1\";i:2;s:1:\"9\";i:3;s:1:\"1\";i:4;s:1:\"5\";i:5;s:1:\"6\";i:6;s:1:\"7\";}', 1, '0.3600'),
(328, '2024-07-30 11:39:41', 'a:13:{i:1;s:6:\"0.3600\";i:6;s:6:\"0.3600\";i:10;s:6:\"0.3600\";i:24;s:6:\"0.3600\";i:8;s:6:\"0.2800\";i:11;s:6:\"0.2800\";i:7;s:6:\"0.2000\";i:13;s:6:\"0.2000\";i:17;s:6:\"0.2000\";i:21;s:6:\"0.2000\";i:4;s:6:\"0.1200\";i:20;s:6:\"0.1200\";i:22;s:6:\"0.0400\";}', 'a:6:{i:1;s:1:\"1\";i:2;s:1:\"9\";i:3;s:1:\"1\";i:4;s:1:\"5\";i:5;s:1:\"6\";i:6;s:1:\"7\";}', 1, '0.3600'),
(329, '2024-07-30 11:39:41', 'a:13:{i:1;s:6:\"0.3600\";i:6;s:6:\"0.3600\";i:10;s:6:\"0.3600\";i:24;s:6:\"0.3600\";i:8;s:6:\"0.2800\";i:11;s:6:\"0.2800\";i:7;s:6:\"0.2000\";i:13;s:6:\"0.2000\";i:17;s:6:\"0.2000\";i:21;s:6:\"0.2000\";i:4;s:6:\"0.1200\";i:20;s:6:\"0.1200\";i:22;s:6:\"0.0400\";}', 'a:6:{i:1;s:1:\"1\";i:2;s:1:\"9\";i:3;s:1:\"1\";i:4;s:1:\"5\";i:5;s:1:\"6\";i:6;s:1:\"7\";}', 1, '0.3600'),
(330, '2024-07-30 11:41:11', 'a:13:{i:1;s:6:\"0.3600\";i:6;s:6:\"0.3600\";i:10;s:6:\"0.3600\";i:24;s:6:\"0.3600\";i:8;s:6:\"0.2800\";i:11;s:6:\"0.2800\";i:7;s:6:\"0.2000\";i:13;s:6:\"0.2000\";i:17;s:6:\"0.2000\";i:21;s:6:\"0.2000\";i:4;s:6:\"0.1200\";i:20;s:6:\"0.1200\";i:22;s:6:\"0.0400\";}', 'a:6:{i:1;s:1:\"1\";i:2;s:1:\"9\";i:3;s:1:\"1\";i:4;s:1:\"5\";i:5;s:1:\"6\";i:6;s:1:\"7\";}', 1, '0.3600'),
(331, '2024-07-30 11:41:12', 'a:13:{i:1;s:6:\"0.3600\";i:6;s:6:\"0.3600\";i:10;s:6:\"0.3600\";i:24;s:6:\"0.3600\";i:8;s:6:\"0.2800\";i:11;s:6:\"0.2800\";i:7;s:6:\"0.2000\";i:13;s:6:\"0.2000\";i:17;s:6:\"0.2000\";i:21;s:6:\"0.2000\";i:4;s:6:\"0.1200\";i:20;s:6:\"0.1200\";i:22;s:6:\"0.0400\";}', 'a:6:{i:1;s:1:\"1\";i:2;s:1:\"9\";i:3;s:1:\"1\";i:4;s:1:\"5\";i:5;s:1:\"6\";i:6;s:1:\"7\";}', 1, '0.3600'),
(332, '2024-07-30 11:41:13', 'a:13:{i:1;s:6:\"0.3600\";i:6;s:6:\"0.3600\";i:10;s:6:\"0.3600\";i:24;s:6:\"0.3600\";i:8;s:6:\"0.2800\";i:11;s:6:\"0.2800\";i:7;s:6:\"0.2000\";i:13;s:6:\"0.2000\";i:17;s:6:\"0.2000\";i:21;s:6:\"0.2000\";i:4;s:6:\"0.1200\";i:20;s:6:\"0.1200\";i:22;s:6:\"0.0400\";}', 'a:6:{i:1;s:1:\"1\";i:2;s:1:\"9\";i:3;s:1:\"1\";i:4;s:1:\"5\";i:5;s:1:\"6\";i:6;s:1:\"7\";}', 1, '0.3600'),
(333, '2024-07-30 11:42:53', 'a:13:{i:1;s:6:\"0.3600\";i:6;s:6:\"0.3600\";i:10;s:6:\"0.3600\";i:24;s:6:\"0.3600\";i:8;s:6:\"0.2800\";i:11;s:6:\"0.2800\";i:7;s:6:\"0.2000\";i:13;s:6:\"0.2000\";i:17;s:6:\"0.2000\";i:21;s:6:\"0.2000\";i:4;s:6:\"0.1200\";i:20;s:6:\"0.1200\";i:22;s:6:\"0.0400\";}', 'a:6:{i:1;s:1:\"1\";i:2;s:1:\"9\";i:3;s:1:\"1\";i:4;s:1:\"5\";i:5;s:1:\"6\";i:6;s:1:\"7\";}', 1, '0.3600'),
(334, '2024-07-30 11:44:00', 'a:13:{i:1;s:6:\"0.3600\";i:6;s:6:\"0.3600\";i:10;s:6:\"0.3600\";i:24;s:6:\"0.3600\";i:8;s:6:\"0.2800\";i:11;s:6:\"0.2800\";i:7;s:6:\"0.2000\";i:13;s:6:\"0.2000\";i:17;s:6:\"0.2000\";i:21;s:6:\"0.2000\";i:4;s:6:\"0.1200\";i:20;s:6:\"0.1200\";i:22;s:6:\"0.0400\";}', 'a:6:{i:1;s:1:\"1\";i:2;s:1:\"9\";i:3;s:1:\"1\";i:4;s:1:\"5\";i:5;s:1:\"6\";i:6;s:1:\"7\";}', 1, '0.3600'),
(335, '2024-07-30 11:44:01', 'a:13:{i:1;s:6:\"0.3600\";i:6;s:6:\"0.3600\";i:10;s:6:\"0.3600\";i:24;s:6:\"0.3600\";i:8;s:6:\"0.2800\";i:11;s:6:\"0.2800\";i:7;s:6:\"0.2000\";i:13;s:6:\"0.2000\";i:17;s:6:\"0.2000\";i:21;s:6:\"0.2000\";i:4;s:6:\"0.1200\";i:20;s:6:\"0.1200\";i:22;s:6:\"0.0400\";}', 'a:6:{i:1;s:1:\"1\";i:2;s:1:\"9\";i:3;s:1:\"1\";i:4;s:1:\"5\";i:5;s:1:\"6\";i:6;s:1:\"7\";}', 1, '0.3600'),
(336, '2024-07-30 11:45:49', 'a:13:{i:1;s:6:\"0.3280\";i:6;s:6:\"0.3280\";i:8;s:6:\"0.3280\";i:10;s:6:\"0.3280\";i:24;s:6:\"0.3280\";i:4;s:6:\"0.1600\";i:13;s:6:\"0.1600\";i:17;s:6:\"0.1600\";i:20;s:6:\"0.1600\";i:21;s:6:\"0.1600\";i:2;s:6:\"0.0000\";i:3;s:6:\"0.0000\";i:12;s:6:\"0.0000\";}', 'a:4:{i:1;s:1:\"1\";i:2;s:1:\"6\";i:3;s:1:\"2\";i:4;s:1:\"9\";}', 1, '0.3280'),
(337, '2024-07-30 11:46:26', 'a:13:{i:1;s:6:\"0.3280\";i:6;s:6:\"0.3280\";i:8;s:6:\"0.3280\";i:10;s:6:\"0.3280\";i:24;s:6:\"0.3280\";i:4;s:6:\"0.1600\";i:13;s:6:\"0.1600\";i:17;s:6:\"0.1600\";i:20;s:6:\"0.1600\";i:21;s:6:\"0.1600\";i:2;s:6:\"0.0000\";i:3;s:6:\"0.0000\";i:12;s:6:\"0.0000\";}', 'a:4:{i:1;s:1:\"1\";i:2;s:1:\"6\";i:3;s:1:\"2\";i:4;s:1:\"9\";}', 1, '0.3280'),
(338, '2024-07-30 11:52:47', 'a:13:{i:1;s:6:\"0.3280\";i:6;s:6:\"0.3280\";i:8;s:6:\"0.3280\";i:10;s:6:\"0.3280\";i:24;s:6:\"0.3280\";i:4;s:6:\"0.1600\";i:13;s:6:\"0.1600\";i:17;s:6:\"0.1600\";i:20;s:6:\"0.1600\";i:21;s:6:\"0.1600\";i:2;s:6:\"0.0000\";i:3;s:6:\"0.0000\";i:12;s:6:\"0.0000\";}', 'a:4:{i:1;s:1:\"1\";i:2;s:1:\"6\";i:3;s:1:\"2\";i:4;s:1:\"9\";}', 1, '0.3280'),
(339, '2024-07-30 11:52:48', 'a:13:{i:1;s:6:\"0.3280\";i:6;s:6:\"0.3280\";i:8;s:6:\"0.3280\";i:10;s:6:\"0.3280\";i:24;s:6:\"0.3280\";i:4;s:6:\"0.1600\";i:13;s:6:\"0.1600\";i:17;s:6:\"0.1600\";i:20;s:6:\"0.1600\";i:21;s:6:\"0.1600\";i:2;s:6:\"0.0000\";i:3;s:6:\"0.0000\";i:12;s:6:\"0.0000\";}', 'a:4:{i:1;s:1:\"1\";i:2;s:1:\"6\";i:3;s:1:\"2\";i:4;s:1:\"9\";}', 1, '0.3280'),
(340, '2024-07-30 11:52:49', 'a:13:{i:1;s:6:\"0.3280\";i:6;s:6:\"0.3280\";i:8;s:6:\"0.3280\";i:10;s:6:\"0.3280\";i:24;s:6:\"0.3280\";i:4;s:6:\"0.1600\";i:13;s:6:\"0.1600\";i:17;s:6:\"0.1600\";i:20;s:6:\"0.1600\";i:21;s:6:\"0.1600\";i:2;s:6:\"0.0000\";i:3;s:6:\"0.0000\";i:12;s:6:\"0.0000\";}', 'a:4:{i:1;s:1:\"1\";i:2;s:1:\"6\";i:3;s:1:\"2\";i:4;s:1:\"9\";}', 1, '0.3280'),
(341, '2024-07-30 11:52:50', 'a:13:{i:1;s:6:\"0.3280\";i:6;s:6:\"0.3280\";i:8;s:6:\"0.3280\";i:10;s:6:\"0.3280\";i:24;s:6:\"0.3280\";i:4;s:6:\"0.1600\";i:13;s:6:\"0.1600\";i:17;s:6:\"0.1600\";i:20;s:6:\"0.1600\";i:21;s:6:\"0.1600\";i:2;s:6:\"0.0000\";i:3;s:6:\"0.0000\";i:12;s:6:\"0.0000\";}', 'a:4:{i:1;s:1:\"1\";i:2;s:1:\"6\";i:3;s:1:\"2\";i:4;s:1:\"9\";}', 1, '0.3280'),
(342, '2024-07-30 11:52:51', 'a:13:{i:1;s:6:\"0.3280\";i:6;s:6:\"0.3280\";i:8;s:6:\"0.3280\";i:10;s:6:\"0.3280\";i:24;s:6:\"0.3280\";i:4;s:6:\"0.1600\";i:13;s:6:\"0.1600\";i:17;s:6:\"0.1600\";i:20;s:6:\"0.1600\";i:21;s:6:\"0.1600\";i:2;s:6:\"0.0000\";i:3;s:6:\"0.0000\";i:12;s:6:\"0.0000\";}', 'a:4:{i:1;s:1:\"1\";i:2;s:1:\"6\";i:3;s:1:\"2\";i:4;s:1:\"9\";}', 1, '0.3280'),
(343, '2024-07-30 11:52:51', 'a:13:{i:1;s:6:\"0.3280\";i:6;s:6:\"0.3280\";i:8;s:6:\"0.3280\";i:10;s:6:\"0.3280\";i:24;s:6:\"0.3280\";i:4;s:6:\"0.1600\";i:13;s:6:\"0.1600\";i:17;s:6:\"0.1600\";i:20;s:6:\"0.1600\";i:21;s:6:\"0.1600\";i:2;s:6:\"0.0000\";i:3;s:6:\"0.0000\";i:12;s:6:\"0.0000\";}', 'a:4:{i:1;s:1:\"1\";i:2;s:1:\"6\";i:3;s:1:\"2\";i:4;s:1:\"9\";}', 1, '0.3280'),
(344, '2024-07-30 11:54:32', 'a:13:{i:1;s:6:\"0.3280\";i:6;s:6:\"0.3280\";i:8;s:6:\"0.3280\";i:10;s:6:\"0.3280\";i:24;s:6:\"0.3280\";i:4;s:6:\"0.1600\";i:13;s:6:\"0.1600\";i:17;s:6:\"0.1600\";i:20;s:6:\"0.1600\";i:21;s:6:\"0.1600\";i:2;s:6:\"0.0000\";i:3;s:6:\"0.0000\";i:12;s:6:\"0.0000\";}', 'a:4:{i:1;s:1:\"1\";i:2;s:1:\"6\";i:3;s:1:\"2\";i:4;s:1:\"9\";}', 1, '0.3280'),
(345, '2024-07-30 11:54:44', 'a:13:{i:1;s:6:\"0.3280\";i:6;s:6:\"0.3280\";i:8;s:6:\"0.3280\";i:10;s:6:\"0.3280\";i:24;s:6:\"0.3280\";i:4;s:6:\"0.1600\";i:13;s:6:\"0.1600\";i:17;s:6:\"0.1600\";i:20;s:6:\"0.1600\";i:21;s:6:\"0.1600\";i:2;s:6:\"0.0000\";i:3;s:6:\"0.0000\";i:12;s:6:\"0.0000\";}', 'a:4:{i:1;s:1:\"1\";i:2;s:1:\"6\";i:3;s:1:\"2\";i:4;s:1:\"9\";}', 1, '0.3280'),
(346, '2024-07-30 11:54:45', 'a:13:{i:1;s:6:\"0.3280\";i:6;s:6:\"0.3280\";i:8;s:6:\"0.3280\";i:10;s:6:\"0.3280\";i:24;s:6:\"0.3280\";i:4;s:6:\"0.1600\";i:13;s:6:\"0.1600\";i:17;s:6:\"0.1600\";i:20;s:6:\"0.1600\";i:21;s:6:\"0.1600\";i:2;s:6:\"0.0000\";i:3;s:6:\"0.0000\";i:12;s:6:\"0.0000\";}', 'a:4:{i:1;s:1:\"1\";i:2;s:1:\"6\";i:3;s:1:\"2\";i:4;s:1:\"9\";}', 1, '0.3280'),
(347, '2024-07-30 12:13:52', 'a:1:{i:22;s:6:\"0.4800\";}', 'a:4:{i:2;s:1:\"5\";i:4;s:1:\"6\";i:7;s:1:\"2\";i:8;s:1:\"8\";}', 22, '0.4800'),
(348, '2024-07-30 13:05:42', 'a:1:{i:22;s:6:\"0.4800\";}', 'a:4:{i:2;s:1:\"5\";i:4;s:1:\"6\";i:7;s:1:\"2\";i:8;s:1:\"8\";}', 22, '0.4800'),
(349, '2024-07-30 13:08:10', 'a:16:{i:11;s:6:\"0.4355\";i:6;s:6:\"0.4355\";i:1;s:6:\"0.3280\";i:10;s:6:\"0.3280\";i:12;s:6:\"0.3280\";i:4;s:6:\"0.2944\";i:7;s:6:\"0.2906\";i:8;s:6:\"0.2880\";i:13;s:6:\"0.2000\";i:17;s:6:\"0.2000\";i:21;s:6:\"0.2000\";i:20;s:6:\"0.1600\";i:2;s:6:\"0.1280\";i:23;s:6:\"0.1200\";i:3;s:6:\"0.0880\";i:24;s:6:\"0.0880\";}', 'a:9:{i:1;s:1:\"2\";i:2;s:1:\"4\";i:3;s:1:\"1\";i:4;s:1:\"4\";i:5;s:1:\"5\";i:6;s:1:\"5\";i:7;s:1:\"6\";i:8;s:1:\"7\";i:9;s:1:\"4\";}', 11, '0.4355'),
(350, '2024-07-30 16:00:08', 'a:4:{i:2;s:6:\"0.2400\";i:3;s:6:\"0.2400\";i:12;s:6:\"0.2400\";i:23;s:6:\"0.2400\";}', 'a:2:{i:1;s:1:\"9\";i:2;s:1:\"3\";}', 2, '0.2400'),
(351, '2024-07-30 16:00:53', 'a:4:{i:2;s:6:\"0.2400\";i:3;s:6:\"0.2400\";i:12;s:6:\"0.2400\";i:23;s:6:\"0.2400\";}', 'a:2:{i:1;s:1:\"9\";i:2;s:1:\"3\";}', 2, '0.2400');

-- --------------------------------------------------------

--
-- Struktur dari tabel `kondisi`
--

CREATE TABLE `kondisi` (
  `id` int(11) NOT NULL,
  `kondisi` varchar(64) NOT NULL,
  `ket` varchar(256) NOT NULL
) ENGINE=InnoDB DEFAULT CHARSET=utf8mb4;

--
-- Dumping data untuk tabel `kondisi`
--

INSERT INTO `kondisi` (`id`, `kondisi`, `ket`) VALUES
(1, 'Pasti ya', ''),
(2, 'Hampir pasti ya', ''),
(3, 'Kemungkinan besar ya', ''),
(4, 'Mungkin ya', ''),
(5, 'Tidak tahu', ''),
(6, 'Mungkin tidak', ''),
(7, 'Kemungkinan besar tidak', ''),
(8, 'Hampir pasti tidak', ''),
(9, 'Pasti tidak', '');

-- --------------------------------------------------------

--
-- Struktur dari tabel `penyakit`
--

CREATE TABLE `penyakit` (
  `kode_penyakit` int(11) NOT NULL,
  `nama_penyakit` varchar(50) NOT NULL,
  `det_penyakit` text NOT NULL,
  `srn_penyakit` text NOT NULL,
  `gambar` varchar(500) NOT NULL
) ENGINE=InnoDB DEFAULT CHARSET=utf8mb4;

--
-- Dumping data untuk tabel `penyakit`
--

INSERT INTO `penyakit` (`kode_penyakit`, `nama_penyakit`, `det_penyakit`, `srn_penyakit`, `gambar`) VALUES
(1, 'Penyakit Rabies', 'Merupakan penyakit virus paling fatal dan ganas dikarenakan langsung menyerang susunan syaraf pusat (otak) dan menyebabkan ensefalomielitis akut(radang otak secara total) dengan gejala dan gangguan syaraf yang sangat menonjol. Hewan yang terkena penyakit ini tampak sangat agresif, fotofobik (takut sinar), dan hidrofobik (takut air).', 'Kucing divaksinasi sedini mungkin,Kucing selalu diawasi dan tidak dibiarkan berkeliaran di luar rumah,Jangan biarkan kucing memakan bangkai,Kucing yang memiliki luka terbuka sebaiknya diberikan desinvektan', '1.PenyakitRabies.jpg'),
(2, 'Feline Panleukopenia Virus (FPV)', 'Feline Panleukopenia Virus (FPV) disebuit juga penyakit provovirus, distemper kucing atau feline Infectious Enteritis. Virus panleukopenia cenderung menyerang sel dan dengan cepat berkembang, terutama di dalam saluran pencernaan dan sumsum tulang, serta pada jaringan kelenjar limfa. Penyakit ini sangan menular, dan resiko kematian sangat tinggi (presentase kematian hingga 90%)', 'Kucing divaksinasi sedini mungkin, Untuk Kucing yang sedang hamil diberi vaksin inaktif, Sanitasi lingkungan kucing baik tempat makan, minum, tempat kotoran, lantai, kendang, dan sarana lain.Tempatkan Kucing di area yang hangat dan jauh dari terpaan angin, Pemberian antibiotik untuk melawan infeksi sekunder bakteri (tikarsilin, asam klavunat, fluorokuinolon, enrofloksasin dll), Berikan Vitaman B Kompleks untuk meningkatkan daya tahan tubuhnya.', '2.FelinePanleukopeniaVirus(FPV).jpg'),
(3, 'Feline Calicivirus (FCV)', 'Penyakit kalisivirus (feline calicivirus [FCV]) merupakan penyakit yang secara khusus menyerang saluran pernafasan dan mulut kucing dengan gejala awal hanya seperti flu.', 'Jauhkan anak kucing dengan kucing yang terkena virus, berikan larutan desinfeksi, misalnya natrium hiplokorit 3-5% yang dicampur dengan potassium peroksimonosulfat, larutan ammonium kuartener, Tidak ada pengobatan yang spesifik untuk penyakit kalisisvirus. Namun, obat yang umumnya dipakai: obat antibiotik yang berguna untuk mencegah terjadinya infeksi sekunder karena bakteri. Untuk radang sendinya dapat diberikan obat kotikosteroid atau azatioprina secukupnya.', '3.FelineCalicivirus(FCV).jpg'),
(4, 'Feline Infection Peritonitis (FIP)', 'Peritonitis infeksi kucing (Feline Infectious Peritonistis [FIP]) bisa disebut koronavirus enteric kucing (Feline Enteric Coronavirus [FECV]). Penyakit FIP merupakan penyakit yang sangat fatal. Anak kucing (di bawah umur dua tahunan) biasanya sangat peka terhadap penyakit yang umumnya menyerang induk kucing.', 'Pemberian vaksin FIP pada lubang hidung kucing, Membersihkan tempat kotoran minimal dua kali seminggu menggunakan natrium bipoklorit, Menjaga kebersihan kendang dan peralatan, cuci dengan sabun detergen atau desinvektan', '4.FelineInfectionPeritonitis(FIP).jpg'),
(5, 'Feline Hervesvirus(FHV)', 'Penyakit ini termasuk kedalam kelompok penyait rinotrakeitis virus kucing (feline viral rhinotracheitis). Sama dengan feline calicivirus (FCV), gangguan atau infeksi saluran pernapasan bagian atas atau ISPA disebabkan oleh feline herpesvirus (FHV). Penyakit herpesvirus kucing merupakan infeksi virus yang fatal terhadap anak kucing, dimana mereka berumur di bawah satu bulan biasanya mati dalam waktu 24 jam saja setelah menderita penyakit ini.', 'Pemberian suplemen vitamin pada air minum kucing, Pemberian antibiotic untuk mencegah infeksi sekunder, Pemberian kalsium (Kalk) selama musim penghujan agar kucing tidak kedinginan dan bisa meningkatkan daya tahan tubuhnya, Sanitasi Ketat pada kendang dan tempat kotorannya, Jika induk akan melahirkan, lakukan isolasi selama 2 sampai 3 mingguan.', '5.FelineHervesvirus(FHV).jpg'),
(6, 'Feline Leukimia Virus (FeLV)', 'Leukimia kucing (feline leukimia [FeLV]) atau retrovirus kucing (feline retrovirus) merupakan penyakit keturunan yang disebabkan oleh famili virus Retroviridae.', 'Melakukan sanitasi yang ketat, Kotoran kucing segera dibuang, Tempat makan, minum dan tempat kotorannya selalu di cuci, Berhati- hati saat membuang darah, urine, air liur , dan feses kucing yang sedang sakit.', '6.FelineLeukimiaVirus(FeLV).jpg'),
(7, 'Feline Infections Anemia (FIA)', 'Penyakit anemia disebabkan oleh berkurangnya jumlah sel darah merah di dalam sirkulasi darah, turunnya produksi sel darah di dalam sirkulasi darah, turunnya produksi sel darah merah, atau hilangnya banyak darah. Penyakit anemia infeksi kucing (Feline Infectious Anemia [FIA]) disebabkan oleh Mycoplasma Haemofelis (Mhf). Penyakit ini mudah menyebar ke seluruh dunia', 'Pembersihan kutu dari tubuh kucing, kandang dan tempat tidur kucing, Memberikan makanan bergizi dan berkualitas, Jangan biarkan kucing berkeliaran di luar rumah, Untuk mencegah infeksi sekunder oleh bakteri berikan obat antibiotic manusu, berikan tetrasiklin atau teraminisin dengan dosis 100mg, dua kali sehari selama tiga minggu', '7.FelineInfectionsAnemia(FIA).jpg'),
(8, 'Feline Immunodeficiency virus (FIV)', 'Merupakan salah satu penyakit menular yang paling umum dan berdampak pada kucing di seluruh dunia. Pada kucing yang terinfeksi, FIV menyerang sistem kekebalan tubuh, sehingga kucing rentan terhadap berbagai infeksi lainnya. Meskipun kucing yang terinfeksi FIV mungkin tampak normal selama bertahun-tahun, pada akhirnya mereka akan mengalami defisiensi kekebalan tubuh, yang memungkinkan bakteri, virus, protozoa, dan jamur yang biasanya tidak berbahaya yang ditemukan di lingkungan sehari-hari berpotensi menyebabkan penyakit yang parah.', 'Mencegah kucing keluar dari rumah dan berinteraksi dengan kucing liar lain, Memisahkan kucing yang terinfeksi dengan yang tidak terinfeksi, Penularan utama infeksi lewat gigitan, sanitasi lingkungan, tempat makan dan tempat tinggal, Vaksinasi sesegera mungkin.', '8.FelineImmunodeficiencyvirus(FIV.jpg'),
(9, 'Feline Lower Urinary Tract Disease (FLUTD)', '(FLUTD) adalah istilah umum yang digunakan untuk menggambarkan sekelompok masalah yang terkait dengan saluran kemih bagian bawah (kandung kemih dan uretra) kucing.Penyebab umum FLUTD adalah batu saluran kemih, yang juga disebut urolith, yang dapat terbentuk di kandung kemih dan/atau uretra, yang menyebabkan iritasi atau penyumbatan. Batu-batu ini dapat terbuat dari berbagai mineral, yang paling sering adalah struvite (magnesium amonium fosfat) atau kalsium oksalat.', 'Perawatan untuk batu struvite biasanya melibatkan pemberian makanan khusus untuk melarutkan batu pada kucing, Untuk batu oksalat, atau untuk batu struvite yang muncul kembali atau tidak dapat diatasi dengan perubahan pola makan, pengangkatan melalui pembedahan.', '9.FLUTD.jpg'),
(10, 'Penyakit Otitis (Radang Telinga)', 'Penyakit otitis eksternal (radang telinga) merupakan infeksi pada kanal telinga, yang merupakan area penghubung antara bagian luar telingan dengan kendang telinga', 'Membersihkan /memberantas caplak dan kutu yang menyerang kendang kucing, Membersihakan telinga kucing seminggu sekali, Untuk penyebab bakteri bisa diberikan antibiotic, Untuk penyebab jamur berikan obat antifungsi, Untuk mengurangi radang dapat diberikan glukokortikoid (deksametason), Untuk Alergi dapat diberikan obat antihistamin', '10.PenyakitOtitis(RadangTelinga).jpg'),
(11, 'Penyakit Pneumonia', 'Penyakit pneumonia atau radang paru-paru merupakan kelanjutan dari penyakit ISPA atau infeksi virus tertentu', 'Perhatian harus diberikan saat memberikan obat atau air susu kepada anak kucing, jangan sampai tersedak. Jika tersedak akan memicu radang saluran pernafasan bagian atas, yang akan berlanjut pada radang paru-paru, Memberikan antibiotic (amoksilin, ampisilin, atau eritromisin) untuk mencegah terjadinya infeksi sekunder dan mempercepat penyembuhan selama satu minggu, Obat cacing secara berkala, Berikan obat batuk (komposisi dekstrometorfan 5-10mg), bronkodilator (untuk melebrakan saluran bronki) seperti tripolidin HCI 0,5-1,25 mg dan pseudoefedrin HCI 10-30mg', '11.PenyakitPneumonia.jpg'),
(12, 'Penyakit Metritis (Radang uterus/Rahim)', 'Penyakit metritis kucing atau disebut dengan radang uterus (rahim) biasa dihubungkan dengan penyakit hyperplasia endometrial sistik.', 'Lakukan sanitasi yang ketat, terutama dalam persiapan kelahiran,Beri makanan yang bergizi, Beri suplemen yang menunjang kebuntingan kucing, Berikan antibiotic spektrum lebar seperti amoksilin atau ampisilin, Lakukan terapi supportif seperti penginfusan cairan elektrolit', '12.PenyakitMetritis.jpg'),
(13, 'Penyakit Mastitis(Radang Kelenjar Susu)', 'Penyakit mastitis kucing atau radang kelenjar susu disebabkan oleh Escherichia coli, Staphylococcus, atau Streptococcus yang berada di sekitar putting yang tidak bersih\r\n', 'Pisahkan anak kucing dari induknya, Suapi anak kucing karena air susu induknya beracun, Jangan berikan anak kucing dengan susu sapi karena akan memperburuk kondisinya, Lakukan sanitasi yang ketat dan higenis yang baik, Berikan oksitoksin dengan dosis 0,5-1 unit/kucing SC setiap 30 menit, Berikan metoklopramida dengan dosis 0,1-0,2 mg/kg bb SC/IM yang berefek setelah 15 menit, Beri antibiotik seperti tetrasiklin, kloramfenikol, aminoglikosida, sefaleksin (5-15 mg/kg PO tid), amoksilin,atau klavulanat (14 mg/kg PO bid-tid). Pilih antibiotik yang mengandung beta lactamase', '13.PenyakitMastitis.jpg'),
(14, 'Penyakit Konjungtivitas Kucing', 'Penyakit ini merupakan radang pada membran bawah kelopak mata dan bola mata, atau selaput mata. Penyakit konjungtivitis disebabkan oleh bakteri atau virus (serangan terhadap kedua mata mengindikasikan infeksi virus, misalnya herpesvirus atau kalisivirus, sedangkan serangan bertahapnya, pada satu mata kemudian mata lainnya setelah beberapa hari kemudian)', 'Hindarkan kucing dari daerah yang berdebu lebat, Lakukan hygiene dan sanitasi yang baik, terutama pada tempat tidur, tempat makan, minum, dan tempat kotorannya, Lakukan vaksinasi terhadap penyakit infeksi yang menular, Salep atau tetes mata dengan kombinasi antibiotik neomisin, polimiksin, dan basitrasin. Salepkan pada mata 2-3 kali sehari atau bantu dengan pembersihan memakai larutan salin, Untuk infeksi bakteri Chlamydophila atau Mycoplasma dapat disembuhkan dengan mengoleskan salep antibiotik tetrasiklin atau kloramfenikol, Pada kornea mata yang terluka, berikan salep atau tetes mata yang mengandung kortison', '14.PenyakitKonjungtivitasKucing.jpg'),
(15, 'Penyakit Kurap Kucing', 'Jamur Miscrosporum canis merupakan penyebab penyakit kurap yang menyerang kulit dan bulu. Spora yang menempel pada bulu sudah bisa menyebabkan penyakit kulit. Jamur kurap disebut juga ringworm karena bentuk yang terinfeksi atau lukanya selalu berbentuk bulat (ring). Ukurannya 12-50 mm. Tepinya berwarna merah dan pusatnya tidak berbulu (rontok). Penyakit ini terkadang menyerang daerah muka dan telinga kucing. Kurap merupakan penyakit kulit yang sangat menular.', 'Ruang kucing sebaiknya tidak dipasangi karpet agar lebih mudah dibersihkan, Untuk sanitasi ruangan, sebaiknya menggunakan pengisap debu, Sebaiknya, tempat tidur, kasur, dan selimut dibersihkan dengan larutan kaporit atau air panas, Jika ada kucing yang sudah terjangkit: buang semua peralatan (sikat, kalung, selimut, tempat tidur, rak, dan boneka). Buang semua peralatan yang tidak dapat dibersihkan dengan kaporit atau air panas. Ganti semua peralatan dengan baru, Lakukan sanitasi berminggu-minggu agar kucing benar-benar bebas dari spora, Kombinasikan pengobatan secara topikal (salep antifungi) dan pengobatan secara oral untuk menghilangkan jamur penyebab kurap pada tubuh kucing. ', '15.PenyakitKurapKucing.jpg'),
(16, 'Penyakit Cacingan ', 'Jenis cacing yang biasa menyerang kucing adalah cacing bulat/cacing perut (roundworm) dan cacing pita/cacing pipih (flatworm). Sedangkan jenis cacing yang terkadang menyerang kucing adalah cacing tambang/cacing kait (hookworm).', 'Lakukan grooming secara periodic, Control sanitasi kandang, Lakukan program pemberian obat cacing yang ketat setiap 3-6 bulan sekali, Lakukan pemberantasan kutu di tubuh kucing serta tempat tidur kucing, Berikan obat cacing pirantel pamoat yang dapat diminum tanpa perlu puasa terlebih dahulu, Obat cacing drontal untuk melawan cacing bulat, cacing tambang, dan cacing pita, Keiser dan Utzinger (2008) Albendazole atau mebendazole, levamisole, dan pyrantel pamoat, Di-isofenol dengan dosis 0,1-0,2 mg/kg bb SC, Obat antibiotik ampisilin atau amoksilin selama satu minggu', '16.PenyakitCacingKucing.jpg'),
(17, 'Penyakit Kutu', 'Penyakit ini disebabkan oleh Ctenocephalides felis. Kutu ini tidak dapat hidup di tempat dengan ketinggian lebih dari 1.524 m. Kutu merupakan pembawa penyakit cacing pita, bakteri pernisiosa, dan Mycoplasma. Pangkal ekor dan sekitar punggung merupakan daerah permukiman kutu', 'Sanitasi difokuskan pada tempat tidur kucing, kandang, karpet, dan furnitur, Pakaikan kalung antikutu, Berikan cairan otik steroid dan salep hidrokortison, Pembasmi kutu, seperti: moksidektrin, fipronil, S-metoprena, selamektin, kapstar, nitenpiram, dan priproksifen. Semuanya dapat diberikan delam bentuk semprot, bedak, cairan, sampo, dan kalung, Berikan obat Spinosad, Berikan obat natrium borat, Berikan obat injeksi lufenuron', '17.kutukucing.jpg'),
(18, 'Penyakit Tungau', 'Penyakit ini umumnya disebabkan oleh Otodectes cynotis. Tungau berwarna putih atau krem. Tungau sering menyerang kucing muda, suka tinggal di dalam lubang telinga dan sering juga terlihat di kotoran kucing', 'Cuci atau ganti tempat tidur anak kucing, Tiap 3-4 minggu sekali obati telinga dengan obat antitungau. Kita dapat berikan obat tetes telinga berupa pembunuh tungau (Acarexx) atau obat penyembuh radang, Berikan antibiotik, Bersihkan lubang telinga sesering mungkin dan dengan hati-hati, Berikan obat pembunuh tungau seperti piretrin, milbemisin, dan selamektrin ', '18.TungauKucing.jpg'),
(19, 'Stud Tail', 'Penyakit ini disebut juga hyperplasia pada kelenjar buntut (ekor), hyperplasia adalah kondidi kehitaman yang terjadi pada pangkal ekor kucing. Jika kondisi ini sudah parah, maka bisa membuat ekor kucing menjadi rentan terhadap infeksi bakteri sekunder dan menimbulkan bau yang tidak sedap. ', 'Berikan makanan yang kaya akan omega-3 dan omega-6, dan pastikan mengandung mineral dan vitamin yang penting bagi kesehatan bulu dan kulit, Bersihkan area yang terkena penyakit dengan lembut menggunakan shampoo khusus untuk kucing, Jauhkan kucing dari tempat yang lembab dan jaga kebersihan tempat tinggaal kucing', '19.studtail.jpg'),
(20, 'Penyakit Diare', 'Penyakit ini merupakan penyakit bertambahnya cairan pada feses dan meningkatnya freluensi defekasi. Diare ringan disebabkan karena perubahan makanan, terlalu banyak makan, dan gangguan stress. Sedangkan diare berat disebabkan karena kenaikan Gerakan peristaltik usus sehingga material makanannya keluar lebih cepat, makanan tidak punya banyak waktu untuk dicerna dengan baik', 'Bersihkan tempat makan, minum, dan tempat kotorannya dengan larutan desinfektan setiap hari, Lakukan hygiene dan sanitasi yang baik, Berikan makanan dan minuman yang segar dan bergizi, Berikan gizi yang baik dan suplemen vitamin untuk meningkatkan daya tahan tubuh', '20.DiareKucing.jpg'),
(21, 'Penyakit Konstipasi Kucing', 'Umumnya kucing akan buang air besar 1-2 kali sehari. Namun, ada juga kucing yang buang air besar tiap 2-3 kali sehari, sehingga terkena penyakit konstipasi. Kucing yang terkena penyakit konstipasi akan jarang atau sulit buang kotorannya', 'Berikan makanan diet seimbang yang cukup kaya akan serat kasar, Berikan enema atau keluarkan kotoran dengan manual, Berikan infus cairan secara intravena untuk mengoreksi dehidrasinya, Berikan obat laksatif (konstipasi ringan), Berikan laktulosa (melunakkan feses keras), Berikanair sabun atau minyak goreng yang dimasukkan lewat rektrum, Berikan Minyak parafin 5-10 ml per anal, Berikan Minyak jarak 4-15 ml per anal, Berikan Minyak zaitun 10-15 ml per anal, Metil selulosa satu tablet per oral', '21.KonstipasiKucing.jpg'),
(22, 'Hairball', 'Penyakit gumpal rambut (hairball) atau biasa disebut trikobezoar sering terjadi pada kucing berbulu panjang yang sering melakukan grooming, menjilati dan menyisir badan serta bulunya untuk menghilangkan kotoran dan bulu rontok. Menurut Goldstein (2010), gumpal rambut merupakan protein taklarut, atau biasa disebut keratin, tidak dapat dicerna oleh kucing di dalam lambung sehingga mengganggu kelancaran proses pencernaan', 'Sering memandikan dan menyisir bulu kucing, sehingga bulu yang mudah rontoh dapat tersingkir, Beri makanan yang tinggi serat kasarnya, Lakukan pemberantasan kutu, Berikan jeli petroleum putih,  sendok makan, seminggu satu sampai dua kali agar gumpal rambutnya mudah keluar, Berikan sedikit cuka apel  -  sendok the sudah cukup untuk melunakkan gumpal rambut agar lebih mudah dikeluarkan, Berikan minyak mineral dengan dosis satu sendok makan untuk berat 2,3 kg', '22.Hairball.png'),
(23, 'Penyakit Eklamsia Kucing', 'Penyakit eklampsia atau disebut demam susu (milk fever) atau tetani puerperal merupakan gangguan akut yang disebabkan oleh penurunan secara drastis kadar kalsium di dalam darah (hipokalsemia)', 'Program pemberian obat cacing secara rutin, sebagai pelengkap berikan vitamin E, Berikan tambahan kalsium (tablet tepung tulang/tablet dikalsium fosfat), fosfor, dan vitamin D (suplemen vitamin D di dalam makanan membantu menaikkan daya absorbs kalsium dan fosfor dalam susu) setelah dikawinkan, di masa bunting, serta masa menyusui, Menyuntikkan larutan kalsium boroglukonat melalui pembuluh darah vena, Berikan suplemen yang mengandung kalsium, fosfor, dan vitamin D ke dalam makanannya', '23.EklamsiaKucing.jpg'),
(24, 'Influenza', 'Penyakit influenza merupakan penyakit rinotakreitis kucing. Virus ini menyerang saluran pernapasan bagian atas.', 'Cegahlah kucing melakukan kontak langsung dengan kucing liar, ayam, burung (burung liar), dan kotorannya (feses), Usahakan agar kucing selalu berada di dalam rumah, Berikan daging ayam yang telah dimasak sempurna. Jangan berikan daging mentah, Selalu jaga kebersihan dan Kesehatan kucing serta lingkungannya, Vaksinasi sedini mungkin, Teteskan afrin di hidung kucing, Berikan antibiotic seperti amoksilin dan doksisiklin', '24.influenzakucing.jpg');

-- --------------------------------------------------------

--
-- Struktur dari tabel `post`
--

CREATE TABLE `post` (
  `kode_post` int(11) NOT NULL,
  `nama_post` varchar(50) NOT NULL,
  `det_post` text NOT NULL,
  `srn_post` text NOT NULL,
  `gambar` varchar(500) NOT NULL
) ENGINE=InnoDB DEFAULT CHARSET=utf8mb4;

--
-- Dumping data untuk tabel `post`
--

INSERT INTO `post` (`kode_post`, `nama_post`, `det_post`, `srn_post`, `gambar`) VALUES
(1, 'Penyakit Rabies', '<h1><strong>Penyakit Rabies</strong></h1>\r\n\r\n<p>Wheindrata (2016)<strong> Penyakit Rabies</strong> merupakan penyakit virus paling fatal dan ganas dikarenakan langsung menyerang susunan syaraf pusat (otak) dan menyebabkan ensefalomielitis akut(radang otak secara total) dengan gejala dan gangguan syaraf yang sangat menonjol. Hewan yang terkena penyakit ini tampak sangat agresif, fotofobik (takut sinar), dan hidrofobik (takut air).</p>\r\n\r\n<h3><strong>Penularan:</strong></h3>\r\n\r\n<ul>\r\n	<li>Gigitan dengan air liur</li>\r\n	<li>Luka terbuka</li>\r\n	<li>Membran mukosa mulut, hidung, dan mata</li>\r\n	<li>Bekas cakaran yang menyebabkan luka (kuku hewan penderita tercemar karena sering mengusap usapkan air liur)</li>\r\n</ul>\r\n\r\n<h3><strong>Gejala Klinis</strong> penyakit rabies ada 3 fase:</h3>\r\n\r\n<ol>\r\n	<li><strong>Fase Prodomal (Stadium 1 [melankolis])</strong></li>\r\n</ol>\r\n\r\n<p>Mengalami perubahan sikap, dari aktif ke pasif dan sebaliknya, demam, penolakan makan, kucing merasa ketakutan, gelisah, senang menyendiri, dan senang bersembunyi di tempat yang gelap dan terlindungi, air liur keluar hingga terlihat menggantung.</p>\r\n\r\n<ol>\r\n	<li><strong>Fase Furious (Stadium 2[exitement])</strong></li>\r\n</ol>\r\n\r\n<p>Kucing mulai agresif, menyerang hewan(kucing) lainnya dan manusia di dekatnya, pupil mata lebar walaupun di tempat terang, kucing mulai memakan benda benda asing, hyperaktif (ganas) ketika melihat sinar yang terang dan mendengar suara yang keras, Mati mendadak karena serangan jantung.</p>\r\n\r\n<ol>\r\n	<li><strong>Fase Dump (Stadium 3[paralitikum])</strong></li>\r\n</ol>\r\n\r\n<p>Gangguan syaraf akan mempengaruhi kepala dan tenggorokan. Kucing mulai mengeluarkan air liur secara berlebihan dsan tidak dapat atau gagal menelan air ludahnya sendiri. Kucing kesulitan bernafas, otot wajahnya lumpuh, batuk-batuk, kucing sulit mengontrol tubuhnya, kaki belakang lumpuh, pinggang dan ekor melemah, kucing kolaps dan koma. Setelah 2-4 hari kucing akan mati karena otot otot pernafasan lumpuh total.</p>\r\n', '<h2><strong>Pencegahan :</strong></h2>\r\n\r\n<ul>\r\n	<li>Kucing divaksinasi sedini mungkin</li>\r\n	<li>Kucing selalu diawasi dan tidak dibiarkan berkeliaran di luar rumah</li>\r\n	<li>Jangan biarkan kucing memakan bangkai</li>\r\n	<li>Kucing yang memiliki luka terbuka sebaiknya diberikan desinvektan</li>\r\n</ul>\r\n\r\n<h2><strong>Tindakan :</strong></h2>\r\n\r\n<ul>\r\n	<li>Tempatkan Kucing di area yang hangat dan jauh dari terpaan angin</li>\r\n	<li>Pemberian antibiotik untuk melawan infeksi sekunder bakteri (tikarsilin, asam klavunat, fluorokuinolon, enrofloksasin dll)</li>\r\n	<li>Berikan Vitaman B Kompleks untuk meningkatkan daya tahan tubuhnya</li>\r\n</ul>\r\n', '1.PenyakitRabies.jpg'),
(2, 'Feline Panleukopenia Virus (FPV)', '<h1><strong>Feline Panleukopenia Virus (FPV)</strong></h1>\r\n\r\n<p>Secara ilmiah penyakit parvovirus kucing (<em>Feline Parvovirus</em>/FPV) disebut penyakit panleukopenia kucing, panleukopenia malignan, distemper kucing (feline atau cat distemper), atau Felin Infectious Enteritis. Virus panleukopenia cenderung menyerang sel dan dengan cepat berkembang, terutama di dalam saluran pencernaan dan sumsum tulang, serta pada jaringan kelenjar limfa. Penyakit ini sangan menular, dan resiko kematian sangat tinggi (presentase kematian hingga 90%).</p>\r\n\r\n<h3><strong>Penularan:</strong></h3>\r\n\r\n<p>Kucing Kontak Langsung dengan kucing penderita, makanan&ndash;minuman, atau tempat yang tercemari virus, urine, feses, air liur,, serta muntahan.</p>\r\n\r\n<h3><strong>Gejala Klinis:</strong></h3>\r\n\r\n<ul>\r\n	<li>Kucing Demam Tinggi 104- 107 F</li>\r\n	<li>Kucing Depresi</li>\r\n	<li>tidak mau makan</li>\r\n	<li>Kucing Lesu, tidak bergirah dan tidak aktif</li>\r\n	<li>Muntah-muntah dan Dehidrasi Berat ( Setelah 3-4 hari )</li>\r\n	<li>Kucing mengalami diara berdarah yang berbau sangat amis</li>\r\n	<li>Temperatur tubuh turun (hipotermia)</li>\r\n	<li>Untuk anak kucing muntah muntah kadang sampai muntah berdarah, mencret terus menerus berwarna kuning cair hingga campur darah</li>\r\n	<li>Fase terakhir kucing kejang kejang,kolaps dan akhirnya mati</li>\r\n</ul>\r\n', '<h2><strong>Pencegahan :</strong></h2>\r\n\r\n<ul>\r\n	<li>Kucing divaksinasi sedini mungkin</li>\r\n	<li>Untuk Kucing yang sedang hamil diberi vaksin inaktif</li>\r\n	<li>Sanitasi lingkungan kucing baik tempat makan, minum, tempat kotoran, lantai, kendang, dan sarana lain.</li>\r\n</ul>\r\n\r\n<h2><strong>Pengobatan :</strong></h2>\r\n\r\n<ul>\r\n	<li>Tempatkan Kucing di area yang hangat dan jauh dari terpaan angin</li>\r\n	<li>Pemberian antibiotik untuk melawan infeksi sekunder bakteri (tikarsilin, asam klavunat, fluorokuinolon, enrofloksasin dll),</li>\r\n	<li>Berikan Vitaman B Kompleks untuk meningkatkan daya tahan tubuhnya.</li>\r\n</ul>\r\n', '2.FelinePanleukopeniaVirus(FPV).jpg'),
(3, 'Feline Calicivirus (FCV)', '<h1><strong>Penyakit kalisivirus (<em>feline calicivirus</em> [FCV])</strong></h1>\r\n\r\n<p>Merupakan penyakit yang secara khusus menyerang saluran pernafasan dan mulut kucing dengan gejala awal hanya seperti flu. Virus ini sudah memiliki empat puluh macam strain dengan keganasan yang sangat signifikan. FCV merupakan anggota kelompok RNA virus, mempunyai elastisitas tinggi pada genomnya dan sangat mudah beradaptasi dengan lingkungannya.</p>\r\n\r\n<p>FCV dapat hidup di luar tubuh kucing lebih dari sebulan, akan tetapi di Indonesia yang memiliki iklim tropis, virus ini hanya bertahan dua minggu saja. Keistimewaan FCV adalah mutasinya sangat mudah terjadi saat proses penggandaan virusnya berlangsung.</p>\r\n\r\n<h3><strong>Penularan</strong>:</h3>\r\n\r\n<p>kalisivirus sering menyerang anak kucing yang sekandang dengan banyak kucing. Selain itu, melalui kontak langsung atau melelui pakaian, tempat makan, tempat minum, tempat tidur, dan benda lain yang sudah tercemari virus. Virus ini juga dapat ditularkan melalui udara sewaktu kucing bersin.</p>\r\n\r\n<h3><strong>Gejala Klinis: </strong></h3>\r\n\r\n<ul>\r\n	<li>Flu yang agak berat,</li>\r\n	<li>Radang atau borok pada mulut,</li>\r\n	<li>Leleran pada mata,</li>\r\n	<li>Luka pada mulut,</li>\r\n	<li>Radang pada saluran pernapasan bagian atas,</li>\r\n	<li>Demam tinggi,</li>\r\n	<li>Oedema di bawah kulit,</li>\r\n	<li>Bisul dibagian kepala dan kaki,</li>\r\n	<li>Gejala seperti penyakit kuning,</li>\r\n	<li>Hilangnya nafsu makan, kelesuan, demam, kelemahan,</li>\r\n	<li>Kurangnya tenaga,</li>\r\n	<li>Pembesaran kelenjar limfa,</li>\r\n	<li>Gangguan pada mata, yaitu gejala blefarospasme (mata memicing), dan</li>\r\n	<li>Radang sendi (terkadang).</li>\r\n</ul>\r\n\r\n<h3><strong>Gejala Patologi Klinis:</strong></h3>\r\n\r\n<p>Gaskell et all., (2006) virus akan merusak dan mematikan sel epitel, teruatama sel epitel di tepi lidah, yang kemudian berkembang menjadi borok, menyebabkan terjadinya penyerbuan sel-sel neutrophil pada lapisan dermis. FCV lalu berkembang untuk menyebabkan radang paru-paru, pada alveolitis. Dawson et all., (1994) terjadi kepincangan karena muncul radang akut pada sinovitisnya dengan penebalan pada membran sinovial sehingga cairan sendinya akan bertambah.</p>\r\n', '<h2><strong>Pencegahan :</strong></h2>\r\n\r\n<ul>\r\n	<li>Jauhkan anak kucing dengan kucing yang terkena virus</li>\r\n	<li>berikan larutan desinfeksi, misalnya natrium hiplokorit 3-5% yang dicampur dengan potassium peroksimonosulfat, larutan ammonium kuartener</li>\r\n</ul>\r\n\r\n<h2><strong>Pengobatan :</strong></h2>\r\n\r\n<ul>\r\n	<li>Tidak ada pengobatan yang spesifik untuk penyakit kalisisvirus. Namun, obat yang umumnya dipakai: obat antibiotik yang berguna untuk mencegah terjadinya infeksi sekunder karena bakteri. Untuk radang sendinya dapat diberikan obat kotikosteroid atau azatioprina secukupnya.<br />\r\n	&nbsp;</li>\r\n</ul>\r\n', '3.FelineCalicivirus(FCV).jpg'),
(4, 'Feline Infection Peritonitis (FIP)', '<h1><strong>Peritonitis infeksi kucing</strong></h1>\r\n\r\n<p>(<em>Feline Infectious Peritonistis </em>[FIP]) bisa disebut koronavirus enteric kucing (<em>Feline Enteric Coronavirus </em>[FECV]). Penyakit FIP merupakan penyakit yang sangat fatal. Anak kucing (di bawah umur dua tahunan) biasanya sangat peka terhadap penyakit yang umumnya menyerang induk kucing. Fall (2009) kucing betina yang terserang FIP hanya dapat bertahan hidup selama 26-30 bulan sejak mulai terdiagnosis sebagai definitif.</p>\r\n\r\n<h3><strong>Penularan:</strong></h3>\r\n\r\n<p>melalui kontak feses dengan mulut. Cara lainnya dengan liur atau lender saluran pernapasan.</p>\r\n\r\n<h3><strong>Gejala Klinis:</strong></h3>\r\n\r\n<p>Little (2000), penyakit FIP dibagi menjadi dua bentuk, yaitu bentuk basah (<em>wet form</em>) dan bentuk kering (<em>dry form</em>).</p>\r\n\r\n<ol>\r\n	<li>Bentuk basah</li>\r\n</ol>\r\n\r\n<p>Gejala awal: nafsu makan menurun dan berat badannya merosot, pucat, lesu, depresi, dehidrasi, anemia, muntah-muntah, diare, kegagaln fungsi liver ditandai dengan air kencing berwarna kuning tua. Tampak pula gejala penyakit kuning pada kulit dan mata.</p>\r\n\r\n<ol>\r\n	<li>Bentuk kering</li>\r\n</ol>\r\n\r\n<p>Disebut juga bentuk diseminata. Gejala awal: seperti pada bentuk basah, namun tanpa proses penimbunan cairan yang berlebihan.</p>\r\n', '<h2><strong>Pencegahan: </strong></h2>\r\n\r\n<ul>\r\n	<li>Dengan vaksin, cukup teteskan vaksin FIP (pertama kali dibuat tahun 1991) pada lubang hidung kucing.</li>\r\n	<li>Gunakan natrium hipoklorit untuk membersihkan tempat kotoran minimal dua kali dalam seminggu.</li>\r\n	<li>Jaga kebersihan kendang dan peralatan. Cuci dengan sabun, detergen, atau desinfektan.</li>\r\n</ul>\r\n\r\n<h2><strong>Pengobatan: </strong></h2>\r\n\r\n<ul>\r\n	<li>Pemberian suplemen vitamin agar kucing dapat meningkatkan daya tahan tubuhnya sendiri dan mengurangi keganasan virus tersebut.</li>\r\n	<li>Pemberian kortison untuk mengurangi radang dan meningkatkan nafsu makan.</li>\r\n	<li>Berikan makanan bergizi baik dan jauhkan kucing dari stress dengan pengobatan secara simptomatik.</li>\r\n	<li>Berikan obat virus seperti, interferon omega.</li>\r\n	<li>Berikan obat klindamisin, yang termasuk kelompok antibiotik linkomisin, untuk menghentikan pertumbuhan bakteri.</li>\r\n</ul>\r\n', '4.FelineInfectionPeritonitis(FIP).jpg'),
(5, 'Feline Hervesvirus(FHV)', '<h1><strong>Penyakit Herpesvirus Kucing</strong></h1>\r\n\r\n<p>Penyakit ini termasuk kedalam kelompok penyait rinotrakeitis virus kucing (<em>feline viral rhinotracheitis</em>). Sama dengan <em>feline calicivirus </em>(FCV), gangguan atau infeksi saluran pernapasan bagian atas atau ISPA disebabkan oleh <em>feline herpesvirus </em>(FHV). Penyakit herpesvirus kucing merupakan infeksi virus yang fatal terhadap anak kucing, dimana mereka berumur di bawah satu bulan biasanya mati dalam waktu 24 jam saja setelah menderita penyakit ini.</p>\r\n\r\n<p><strong>Penularan: </strong>FHV aktif didalam leleran hidung, leleran mata, dan air liur. Sehingga penularannya secara langsung maupun tidak langsung. Penularan secara langsung melalui kontak dengan penderita, sedangkan penularan tidak langsung melalui kontak dengan kendang, tempat makan, tempat minum, tempat kotoran, tempat tidur, atau pakaian dan sepatu perawat yang telah tercemar.</p>\r\n\r\n<h3><strong>Gejala Klinis:</strong></h3>\r\n\r\n<ul>\r\n	<li>Air liur keluar berlebihan karena adanya luka atau borok pada lidahnya.</li>\r\n	<li>Bersin-bersin dan leleran purulenta dari hidung selama berbulan-bulan hingga bertahun-tahun.</li>\r\n	<li>Dehidrasi.</li>\r\n	<li>Sensitif terhadap cahaya, sehingga kucing akan menyukai tempat gelap.</li>\r\n	<li>Kucing merasa gatal dan tidak nyaman, kemudian menggosokkan matanya dengan kakinya.</li>\r\n</ul>\r\n\r\n<h3><strong>Gejala Patologi Klinis:</strong></h3>\r\n\r\n<ul>\r\n	<li>Pembengkakan dan borok pada kornea mata</li>\r\n	<li>Terkadang bola matanya pecah</li>\r\n	<li>Terjadi radang paru-paru dan radang faringitis</li>\r\n	<li>Sering terlihat borok di sekitar hidung dan mulutnya</li>\r\n</ul>\r\n', '<h2><strong>Pencegahan: </strong></h2>\r\n\r\n<ul>\r\n	<li>Pemberian suplemen vitamin pada air minum kucing</li>\r\n	<li>Berikan antibiotic untuk mencegah infeksi sekunder</li>\r\n	<li>Berikan kalsium (Kalk) selama musim penghujan agar kucing tidak kedinginan dan bisa meningkatkan daya tahan tubuhnya.</li>\r\n	<li>Sanitasi ketat pada kendang dan tempat kotoran kucing.</li>\r\n	<li>Jika induk akan melahirkan, lakukan isolasi selama 2-3 minggu.</li>\r\n</ul>\r\n\r\n<h2><strong>Pengobatan:</strong></h2>\r\n\r\n<p>Tidak ada pengobatan khusus untuk FHV. Letakkan kucing yang sakit di tempat yang hangat, dan diberi makanan yang bergizi serta air minum yang cukup. Berikan obat antivirus inhibitor berupa interferon.</p>\r\n', '5.FelineHervesvirus(FHV).jpg'),
(6, 'Feline Leukimia Virus (FeLV)', '<h1><strong>Penyakit Virus Leukimia Kucing</strong></h1>\r\n\r\n<p>Leukimia kucing (<em>feline leukimia [FeLV]</em>) atau retrovirus kucing (<em>feline retrovirus</em>) merupakan penyakit keturunan yang disebabkan oleh famili virus Retroviridae.</p>\r\n\r\n<h3><strong>Penularan:</strong></h3>\r\n\r\n<p>Melalui semua cairan yang dikeluarkan oleh tubuh kucing, termasuk air liur, feses, air susu, dan urine. Umumnya, penularan terjadi mel alui kontak langsung dengan penderita.</p>\r\n\r\n<h3><strong>Gejala Klinis: </strong></h3>\r\n\r\n<ul>\r\n	<li>Demam dan lesu</li>\r\n	<li>Gemeteran</li>\r\n	<li>Kesulitan menghentikan goyangan di tubuhnya</li>\r\n	<li>Bulunya buruk dan banyak yang rontok</li>\r\n	<li>Dehidrasi</li>\r\n	<li>Diare berlebihan</li>\r\n	<li>Radang pada saluran kencing dan beser</li>\r\n</ul>\r\n', '<h2><strong>Pencegahan: </strong></h2>\r\n\r\n<ul>\r\n	<li>Lakukan sanitasi yang ketat.</li>\r\n	<li>Kotoran kucing harus segera di buang.</li>\r\n	<li>Tempat makan, minum, dan tempat kotoran selalu di cuci.</li>\r\n	<li>Berhati-hatilah ketika membuang darah, urine, air liur, dan feses kucing yang sakit.</li>\r\n</ul>\r\n\r\n<h2><strong>Pengobatan: </strong></h2>\r\n\r\n<p>Dikarenakan kekebalan tubuh kucing sudah menurun, jangan samapi kucing terserang infeksi sekunder oleh bakteri. Diperlukan obat imunosupresif seperti obat jenis kortikosteriod seperti: prednisone, prednisolone, dexametason, dan kortison.</p>\r\n\r\n<p>Sediakan obat antivirus seperti, interveron alfa, untuk menghambat laju replikasi virus. Untuk meningkatkan sel darah putihnya dapar di injeksikan larutan T-limfosit sitotoksik atau (LTCI) dengan dosis tunggal sebanyak 1ml melalui injeksi sub kutan.</p>\r\n', '6.FelineLeukimiaVirus(FeLV).jpg'),
(7, 'Feline Infectious Anemia (FIA)', '<h1><strong>Feline Infectious Anemia (FIA)</strong></h1>\r\n\r\n<p>Penyakit anemia disebabkan oleh berkurangnya jumlah sel darah merah di dalam sirkulasi darah, turunnya produksi sel darah di dalam sirkulasi darah, turunnya produksi sel darah merah, atau hilangnya banyak darah. Penyakit anemia infeksi kucing (<em>Feline Infectious Anemia </em>[FIA]) disebabkan oleh <em>Mycoplasma Haemofelis </em>(Mhf). Penyakit ini mudah menyebar ke seluruh dunia. Tahun 1942 FIA awalnya ditemukan oleh Clarke di Afrika Selatan, tahun 1953 di Amerika oleh Flint dan Moss, tahun 1959 di Inggris oleh Seamer dan Douglas, dan pada tahun 1961 di Australia oleh Manusu. <em>Eperythrozon </em>(<em>Haemobartonella</em>) felis ditemukan menginfeksi kucing di Victoria oleh Harbutt tahun 1969.</p>\r\n\r\n<p>Anemia bisa dibagi menjadi anemia regeneratif dan anemia non-generatif. Penyebab anemia regeneratif: perdarahan (hemoragi) hebat akrena luka berat, perdarahan di dalam perut, dan putusnya pembuluh darah besar di dalam atau di luar tubuh, serta infestasi parasite seperti cacing dan kutu. Sedangkan anemia nongenerative disebabkan: serangan infeksi virus.</p>\r\n\r\n<h3><strong>Penularan: </strong></h3>\r\n\r\n<p>Melalui kutu, caplak, atau nyamuk, luka gigitan kucing sewaktu berkelahi, Rahim (ke janin), air susu induk kucing, dan transfusi darah. Anemia menular melalui darah kucing.</p>\r\n\r\n<h3><strong>Gejala Klinis: </strong></h3>\r\n\r\n<ul>\r\n	<li>Turunnya nafsu makan dan berat badan</li>\r\n	<li>Kucing lemah, lesu, mudah lelah, dan senang menyendiri</li>\r\n	<li>Selaput mata dan gusinya pucat</li>\r\n	<li>Napas dan detak jantungnya cepat (takipnoea)</li>\r\n	<li>Suara detak jantungnya murmur (berdesir)</li>\r\n	<li>Waktu tidurnya berlebihan, tidak seperti biasanya</li>\r\n	<li>Kotorannya kehitaman</li>\r\n	<li>Buang kotorannya lambat. Terkadang kucing memakan fesesnya sendiri</li>\r\n	<li>Lidah dan bibirnya pucat hingga berwarna abu-abu kebiruan</li>\r\n	<li>Mual-mual, kadang muntah, dan dehidrasi</li>\r\n	<li>Depresi dan tidak ingin bermain serta hanya ingin menjilati tubuhnya.</li>\r\n	<li>Keempat telapak kakinya dingin dan pucat</li>\r\n	<li>Batuk-batuk, bersin, dan sering kencing (kadang urinenya berdarah)</li>\r\n	<li>Diare berlendir atau berdarah</li>\r\n	<li>Demam</li>\r\n	<li>Matanya memicing dan memerah</li>\r\n	<li>Muncul leleran pada matanya</li>\r\n	<li>Matanya bengkak</li>\r\n	<li>Bulunya kusam dan kasar</li>\r\n	<li>Ada radang pada gusi (ginggivitis) dan mulutnya (sariawan, stomatitis)</li>\r\n	<li>Kulit, kandung kemih, dan saluran pernapasan bagian atas terkena infeksi</li>\r\n</ul>\r\n', '<h2><strong>Pencegahan: </strong></h2>\r\n\r\n<ul>\r\n	<li>Pemusnahan kutu dari tubuh kucing, tempat tidur dan kandang</li>\r\n	<li>Berikan makanan yang bergizi dan berkualitas</li>\r\n	<li>Jangan biarkan kucing berkeliaran keluar rumah</li>\r\n	<li>Untuk mencegah terjadinya infeksi sekunder oleh bakteri, berikan obat antibiotik. Manusu (1967) berikan Tetrasiklin atau teramisin dengan dosis 100mg, dua kali sehari selama tiga minggu.</li>\r\n</ul>\r\n\r\n<h2><strong>Pengobatan: </strong></h2>\r\n\r\n<ul>\r\n	<li>Obat Steroid, seperti: deksametason dan betametason, untuk memperbaiki kondisi semua pembuluh darah kucing.</li>\r\n	<li>Obat <em>imidocarb dipropionate </em>dan <em>diminazene aceturate. </em></li>\r\n	<li>Lakukan transfusi darah dengan dosis 10 ml per kb bb.</li>\r\n	<li>Terapi suportif dengan infus glukosa atau dekstrosa, vitamin B12, ekstrak liver, terapi ferum, atau obat hematopoietik seperti hormone eritropoetin.</li>\r\n</ul>\r\n', '7.FelineInfectionsAnemia(FIA).jpg'),
(8, 'Feline Immunodeficiency virus (FIV)', '<h1><strong>Feline Immunodeficiency virus (FIV)</strong></h1>\r\n\r\n<p>Virus FIV adalah Retrovirus yang menyerang kucing dan menurunkan fungsi sistem kekebalan tubuhnya. Virus ini mirip dengan virus HIV pada manusia, tetapi tidak dapat menular ke manusia atau hewan lainnya. Virus FIV menginfeksi sel darah putih kucing, terutama limfosit T, yang berperan penting dalam melawan infeksi.</p>\r\n\r\n<p>Kucing yang terinfeksi Virus FIV dapat mengalami gangguan kesehatan yang beragam, termasuk infeksi sekunder yang berat karena sistem kekebalan tubuh yang lemah. Sayangnya, infeksi ini bersifat seumur hidup, dan tidak ada obat yang bisa menyembuhkan sepenuhnya. Oleh karena itu, penting bagi pemilik kucing untuk mengenali gejala-gejala infeksi FIV dan memberikan perawatan yang tepat.</p>\r\n\r\n<p>Virus FIV dapat menular dari satu kucing ke kucing lainnya melalui cairan tubuh seperti darah, air liur, dan cairan seksual selama interaksi sosial atau pertempuran dengan kucing yang terinfeksi. Beberapa cara penularan yang umum adalah: Gigitan dan pertarungan, Kontak seksual, Transmisi dari ibu ke anak, Jarum suntik yang tidak steril, Perawatan gigi dan pembedahan. Kucing yang berada dalam risiko tinggi tertular Virus FIV adalah kucing yang sering keluar rumah dan memiliki akses ke lingkungan luar yang tidak terkontrol.</p>\r\n\r\n<h3><strong>Gejala:</strong></h3>\r\n\r\n<ul>\r\n	<li>Mengalami Kesulitan Kencing</li>\r\n	<li>Hidung dan mata mengeluarkan kotoran</li>\r\n	<li>Sulit bernafas dan sering bersin</li>\r\n	<li>Mengalami Diare yang Berkepanjngan</li>\r\n	<li>Bulu Mengusut dan mudah rontok</li>\r\n	<li>Mengalami anemia berlebihan</li>\r\n	<li>Perubahan Perilaku</li>\r\n	<li>Kejang &ndash; Kejang</li>\r\n	<li>Sering Infeksi</li>\r\n	<li>Nafsu makan Berkurang</li>\r\n</ul>\r\n', '<h2><strong>Pencegahan:</strong></h2>\r\n\r\n<ul>\r\n	<li>Melakukan Vaksinasi pada kucing</li>\r\n	<li>Meningkatkan Sistem imun Kucing dengan suplemen atau vitamin</li>\r\n	<li>Menjaga sanitasi lingkungan kucing</li>\r\n	<li>Melakukan sterilisasi</li>\r\n	<li>Memelihara di dalam rumah</li>\r\n</ul>\r\n\r\n<h2><strong>Pengobatan:</strong></h2>\r\n\r\n<ul>\r\n	<li><strong>Pengobatan simptomatik</strong></li>\r\n</ul>\r\n\r\n<p>Dokter hewan dapat memberikan perawatan untuk mengatasi gejala-gejala yang muncul, seperti antibiotik untuk mengatasi infeksi sekunder, obat penurun demam, atau suplemen untuk meningkatkan nafsu makan.</p>\r\n\r\n<ul>\r\n	<li><strong>Pengobatan dukungan</strong></li>\r\n</ul>\r\n\r\n<p>Meningkatkan sistem kekebalan tubuh dengan memberikan makanan berkualitas tinggi, suplemen, dan obat-obatan yang dapat membantu menjaga kesehatan kucing.</p>\r\n\r\n<ul>\r\n	<li><strong>Perawatan medis rutin</strong></li>\r\n</ul>\r\n\r\n<p>Melakukan kunjungan rutin ke dokter hewan untuk memantau kondisi kesehatan kucing dan memberikan perawatan medis yang sesuai.</p>\r\n\r\n<ul>\r\n	<li><strong>Perhatian khusus</strong></li>\r\n</ul>\r\n\r\n<p>Kucing yang terinfeksi FIV perlu mendapatkan perhatian khusus dan pemantauan lebih dari pemiliknya untuk memastikan kesehatannya tetap terjaga.</p>\r\n\r\n<ul>\r\n	<li><strong>Menjaga lingkungan bersih</strong></li>\r\n</ul>\r\n\r\n<p>Kucing yang terinfeksi FIV perlu tinggal di lingkungan yang bersih dan higienis untuk menghindari risiko infeksi tambahan.</p>\r\n', '8.FelineImmunodeficiencyvirus(FIV.jpg'),
(9, 'Feline Lower Urinary Tract Disease (FLUTD)', '<h1><strong>Feline Lower Urinary Tract Disease (FLUTD)</strong></h1>\r\n\r\n<p>Feline Lower Urinary Tract Disease (FLUTD) yang dikenal juga dengan Feline Urologic Syndrome (FUS) merupakan masalah&nbsp; kesehatan yang sering terjadi pada kucing terutama kucing jantan. Masalah kesehatan ini mengganggu vesika urinaria (VU) dan uretra kucing. Gangguan pada uretra terjadi disebabkan oleh struktur uretra kucing jantan yang berbentuk seperti tabung memiliki bagian yang menyempit sehingga sering menimbulkan penyumbatan urin dari VU ke luar tubuh. FLUTD meliputi beberapa kondisi yang terjadi pada saluran urinaria kucing. Sindrom yang terjadi pada kucing ini ditandai dengan pembentukan kristal di dalam VU. Kristal tersebut kemudian akan menyebabkan inflamasi, perdarahan pada urin, kesulitan buang air kecil, serta beberapa kasus dapat menyebabkan obstruksi aliran normal urin keluar dari VU yang dapat menyebabkan kematian (Pinney, 2009). Manifestasi penyakit yang disebabkan oleh akumulasi kristal mineral pada saluran urinaria antara lain adalah peradangan kandung kemih (cystitis) akibat iritasi dari kristal pada dinding VU, urolithiasis yaitu pembentukan batu VU, pembentukan sumbat pada uretra berupa pasir kristal mineral (blokade uretra), dan uremia yaitu akumulasi zat kimia yang beracun pada aliran darah ketika blokade pada uretra (Duval, 2002).</p>\r\n\r\n<h3><strong>Faktor resiko:</strong></h3>\r\n\r\n<ul>\r\n	<li><strong>Umur</strong></li>\r\n</ul>\r\n\r\n<p>Paling sering terjadi pada kucing yang berumur lebih dari 1,5 tahun</p>\r\n\r\n<ul>\r\n	<li><strong>Faktor lingkungan</strong></li>\r\n</ul>\r\n\r\n<p>Intimidasi dari sesama kucing, baik antara pejantan dengan pejantan, atau pejantan dengan betina, kucing sangat mudah stress, ketika dia minum atau buang air, biasanya akan memastikan bahwa lingkungan itu aman dan nyaman untuk dia, gangguan terhadap tempat minum atau litter box (tempat buang air besar) berakibat akumulasi fatal terhadap kesehatan.</p>\r\n\r\n<ul>\r\n	<li><strong>Sex</strong></li>\r\n</ul>\r\n\r\n<p>Kucing pejantan berisiko lebih besar untuk obstruksi uretra dari pada betina karena uretra mereka lebih panjang dan sempit. Walaupun demikian kucing betina yang diuber-uber pejantan sering juga mengalami.</p>\r\n\r\n<ul>\r\n	<li><strong>Dehidrasi/Kurang air</strong></li>\r\n	<li><strong>Diet/Cat Food</strong></li>\r\n	<li><strong>Kegemukan</strong></li>\r\n	<li><strong>Stress atau faktor keturunan.</strong></li>\r\n</ul>\r\n\r\n<p>FLUTD adalah penyakit yang umumnya terjadi pada kucing dewasa yang berusia lebih dari satu tahun, terdata mempengaruhi dari 0,5% sampai 1% dari populasi kucing. Gangguan saluran kemih memiliki tingkat tinggi untuk kambuh, dan beberapa kucing tampaknya lebih rentan terhadap masalah kencing dari pada yang lain.</p>\r\n\r\n<h3><strong>Gejala :</strong></h3>\r\n\r\n<p>Stres, lesu, muntah, nafsu makan menurun (Anoreksia), susah mengeluarkan urin (Dysuria), dan adanya darah dalam urin (Hematuria). Kesakitan pada saat urinasi (Stranguria), sering menjilati daerah genital, biasanya disertai cystitis (inflamasi atau peradangan pada kandung kemih), serta adanya obstruksi / sumbatan, dan uremia (akumulasi produk toksik seperti BUN dan Kreatinin)</p>\r\n', '<h2><strong>Pengobatan :</strong></h2>\r\n\r\n<ul>\r\n	<li><strong>Operasi medis kateter</strong></li>\r\n</ul>\r\n\r\n<p>Operasi pemasangan kateter merupakan tindakan utama yang harus dilakukan bila sudah terjadi sumbatan pada uretra. Jika kandung kemih tidak dapat dikosongkan, dapat menghambat fungsi ginjal yang mengakibatkan kegagalan ginjal yang berlanjut pada kerusakan ginjal. Penanganan pasca operasi juga sangat penting karena pengawasan dokter hewan diperlukan untuk memastikan kondisi kucing agar tidak terjadi gagal ginjal, infeksi serta gejala medis lain segera pulih</p>\r\n\r\n<ul>\r\n	<li><strong>Antibiotik</strong></li>\r\n</ul>\r\n\r\n<p>Pemberian antibiotik contohnya amoxilin untuk mengurangi infeksi.</p>\r\n', '9.FLUTD.jpg'),
(10, 'Penyakit Otitis (Radang Telinga)', '<h1><strong>Penyakit Otitis (Radang Telinga)</strong></h1>\r\n\r\n<p>Penyakit otitis eksternal (radamg telinga) merupakan infeksi pada kanal telinga, yang merupakan area penghubung antara bagian luar telingan dengan kendang telinga.</p>\r\n\r\n<h3><strong>Penyebab: </strong></h3>\r\n\r\n<ul>\r\n	<li>Berawal dari kotoran telingan yang berlebihan</li>\r\n	<li>Masuknya air ke telinga sewaktu kucing dimandikan</li>\r\n	<li>Serangan tungau (<em>Otedectes cynotis</em>), caplak (<em>Otobius megnini</em>), dan lalat (<em>Stamoxy calcitrans</em>) yang berlebihan</li>\r\n	<li>Infeksi oleh bakteri, jamur, dan virus</li>\r\n	<li>Alergi terhadap serbuk sari, makanan, atau obat-obatan</li>\r\n	<li>Tumor yang tumbuh di dalam telinga atau di salurannya</li>\r\n	<li>Perubahan anatomi (posisi telinga melipat)</li>\r\n</ul>\r\n\r\n<h3><strong>Gejala Klinis: </strong></h3>\r\n\r\n<ul>\r\n	<li>Rasa gatal pada telinga, kemudian kucing berusaha menggeleng-gelengkan kepalanya, menggaruk, dan menggesek-gesekkan telinga ke dinding kendang sampai luka</li>\r\n	<li>Lubang telinga membengkak, dan kucing merasa kesakitan ketika di pegang</li>\r\n	<li>Posisi telinga kucing sakit agak miring</li>\r\n	<li>Kulit telinga dalamnya memerah, kulit tersebut akan menebal dan bersisik, terkadang muncul nanah dan benjolan-benjolan</li>\r\n	<li>Lubang telinga menyempit, tampak benjolan dan penebalan sekitar lubang telinga</li>\r\n	<li>Gelisah</li>\r\n	<li>Depresi</li>\r\n	<li>Nafsu makan berkurang</li>\r\n	<li>Demam</li>\r\n	<li>Sarafnya terganggu</li>\r\n</ul>\r\n', '<h2><strong>Pencegahan: </strong></h2>\r\n\r\n<ul>\r\n	<li>Lakukan pemberantasan caplak dan kutu yang menyerang kandang kucing</li>\r\n	<li>Bersihkan telinga kucing semingu sekali</li>\r\n</ul>\r\n\r\n<h2><strong>Pengobatan: </strong></h2>\r\n\r\n<p>Disesuaikan dengan penyebabnya. Misalnya untuk bakteri diberikan antibiotik, untuk jamur berikan obat antifungi, untuk mengurangi radang dapat diberikan glukokortikoid, misalnya deksametason, untuk yang alergi dapat diberikan obat antihistamin.</p>\r\n', '10.PenyakitOtitis(RadangTelinga).jpg'),
(11, 'Penyakit Pneumonia Kucing', '<h1><strong>Penyakit Pneumonia kucing</strong></h1>\r\n\r\n<p>Penyakit pneumonia atau radang paru-paru merupakan kelanjutan dari penyakit ISPA atau infeksi virus tertentu.</p>\r\n\r\n<h3><strong>Penyebab:</strong></h3>\r\n\r\n<p>Infeksi sekunder oleh bakteri, jamur (<em>Aspergillus </em>dan <em>Histoplasma</em>), dan parasit (<em>Filaroides, Aelurostrongylus </em>dan <em>Paragonimus</em>). Sedangakan penyebab pendukungnya: perubahan iklim, kedinginan, kehujanan, pancaroba, penghirupan gas korosif (gas ammonia, gas belerang, gas akibat penyetruman aki), kondisi kucing yang buruk (lemah, kurus, terkena anemia, kurang gizi, serta diserang banyak kutu dan caplak), kendang dan tempat tidur yang basah dan lembap, serta tersedak sewaktu meminum obat cair atau air susu.</p>\r\n\r\n<h3><strong>Gejala Klinis: </strong></h3>\r\n\r\n<ul>\r\n	<li>Nafsu makan menurun</li>\r\n	<li>Demam</li>\r\n	<li>Senang tiduran di tempat yang dingin dan basah</li>\r\n	<li>Matanya memerah (konjungtivitis) dan keluar cairan kental berwarna kuning kehijauan</li>\r\n	<li>Cermin hidungya mongering dan kedua lubang hidungnya keluar cairan kental berwarna kuning kehijauan. Ketika bersin, cairan tersebut akan keluar lagi lebih banyak</li>\r\n	<li>Kucing terlihat depresi, batuk-batuk, lesu, malas-malasan dan hanya tiduran.</li>\r\n	<li>Dehidrasi</li>\r\n	<li>Sesak napas dan terengah-engah</li>\r\n	<li>Lidah, gusi, bibir kebiruan atau keabu-abuan.</li>\r\n</ul>\r\n', '<h2><strong>Pencegahan:</strong></h2>\r\n\r\n<p>Perhatian harus diberikan saat memberikan obat atau air susu kepada anak kucing. Jangan sampai kucing tersedak. Kesedakan akan memicu radang saluran pernapasan bagian atas, yang akan berlanjut dengan radang paru-paru.</p>\r\n\r\n<h2><strong>Pengobatan: </strong></h2>\r\n\r\n<ul>\r\n	<li>Pneumonia: berikan antibiotik (amoksilin, ampisilin, atau eritromisin) untuk mencegah terjadinya infeksi sekunder dan mempercepat penyembuhan selama satu minggu</li>\r\n	<li>Obat cacing secara berkala</li>\r\n	<li>Gejala batuk: berikan obat batuk (komposisi dekstrometorfan 5-10mg), bronkodilator (untuk melebarkan saluran bronki) seperti tripolidin HCl 0,5-1,25 mg dan pseudoefedrin HCl 10-30mg</li>\r\n</ul>\r\n', '11.PenyakitPneumonia.jpg'),
(12, 'Penyakit Metritis (Radang uterus/Rahim)', '<h1><strong>Penyakit Metritis (Radang uterus/Rahim)</strong></h1>\r\n\r\n<p>Penyakit metritis kucing atau disebut dengan radang uterus (rahim) biasa dihubungkan dengan penyakit hyperplasia endometrial sistik.</p>\r\n\r\n<h3><strong>Penyebab: </strong></h3>\r\n\r\n<p>Plasenta tidak dapat keluar (retensi plasenta) atau matinya fetus di dalam (mumifikasi fetus) sehingga bakteri mudah menyebabkan infeksi saat serviksnya terbuka, keganasan pejantan sewaktu kawin (rudapaksa), dan bakteri gram negatif yang biasa ditemukan pada feses atau bakteri seperti <em>Streptococcus spp., Staphylococcus spp., </em>dan <em>Escherichia coli. </em></p>\r\n\r\n<h3><strong>Gejala Klinis: </strong></h3>\r\n\r\n<ul>\r\n	<li>Demam tinggi, depresi, pembesaran uterus (mudah diraba melalui perut)</li>\r\n	<li>Gemeteran, gelisah, lemas, pusing, muntah, kehilangan cairan tubuh</li>\r\n	<li>Nafsu makan berkurang</li>\r\n</ul>\r\n\r\n<h3><strong>Metritis kronis: </strong></h3>\r\n\r\n<ul>\r\n	<li>Kaki belakang kucing mulai lumpuh</li>\r\n	<li>Perutnya gendut dan membesar</li>\r\n	<li>Napas dan detak jantung menjadi cepat</li>\r\n	<li>Malas bergerak dan menyukai posisi duduk untuk menghindari kesakitan</li>\r\n	<li>Muntah, air susunya macet</li>\r\n	<li>Ada rasa sakit di uterus, sehingga kucing sering menengok ke belakang, ekor selalu diangkat, dan sering mengejan.</li>\r\n</ul>\r\n', '<h2><strong>Pencegahan: </strong></h2>\r\n\r\n<ul>\r\n	<li>Lakukan sanitasi yang ketat, terutama dalam persiapan kelahiran</li>\r\n	<li>Beri makanan yang bergizi</li>\r\n	<li>Beri suplemen yang menunjang kebuntingan kucing</li>\r\n</ul>\r\n\r\n<h2><strong>Pengobatan: </strong></h2>\r\n\r\n<p>Diobati dengan antibiotik spektrum lebar, misalnya amoksilin atau ampisilin, selain itu dilakukan pula terapi suportif seperti penginfusan cairan elektrolit.</p>\r\n', '12.PenyakitMetritis.jpg'),
(13, 'Penyakit Mastitis(Radang Kelenjar Susu)', '<h1><strong>Penyakit Mastitis(Radang Kelenjar Susu)</strong></h1>\r\n\r\n<p>Penyakit mastitis kucing atau radang kelenjar susu disebabkan oleh <em>Escherichia coli, Staphylococcus, </em>atau <em>Streptococcus </em>yang berada di sekitar putting yang tidak bersih.</p>\r\n\r\n<h3><strong>Gejala Klinis: </strong></h3>\r\n\r\n<ul>\r\n	<li>Kelenjar susu kucing hangat dan tampak memerah, bila terpegang kucing merasa kesakitan</li>\r\n	<li>Demam, nafsu makan turun, depresi, lemah, lesu</li>\r\n	<li>Dehidrasi</li>\r\n	<li>Menolak untuk menyusui anaknya</li>\r\n	<li>Air susunya menguning, berdarah, dan mengental</li>\r\n</ul>\r\n', '<h2><strong>Pencegahan: </strong></h2>\r\n\r\n<ul>\r\n	<li>Pisahkan anak kucing dari induknya</li>\r\n	<li>Suapai anak kucing, karena air susu induknya beracun</li>\r\n	<li>Jangan berikan anak kucing dengan susu sapi karena akan memperburuk kondisinya</li>\r\n	<li>Lakukan sanitasi yang ketat dan hygiene yang baik.</li>\r\n</ul>\r\n\r\n<h2><strong>Pengobatan: </strong></h2>\r\n\r\n<ul>\r\n	<li>Berikan oksitoksin dengan dosis 0,5-1 unit/kucing SC setiap 30 menit</li>\r\n	<li>Berikan metoklopramida dengan dosis 0,1-0,2 mg/kg bb SC/IM yang berefek setelah 15 menit</li>\r\n	<li>Beri antibiotik seperti tetrasiklin, kloramfenikol, aminoglikosida, sefaleksin (5-15 mg/kg PO tid), amoksilin,atau klavulanat (14 mg/kg PO bid-tid). Pilih antibiotik yang mengandung beta lactamase</li>\r\n</ul>\r\n', '13.PenyakitMastitis.jpg'),
(14, 'Penyakit Konjungtivitas Kucing', '<h1><strong>Penyakit Konjungtivitas Kucing</strong></h1>\r\n\r\n<p>Penyakit ini merupakan radang pada membran bawah kelopak mata dan bola mata, atau selaput mata. Penyakit konjungtivitis disebabkan oleh bakteri atau virus (serangan terhadap kedua mata mengindikasikan infeksi virus, misalnya herpesvirus atau kalisivirus, sedangkan serangan bertahapnya, pada satu mata kemudian mata lainnya setelah beberapa hari kemudian).</p>\r\n\r\n<p><strong>Penularan: </strong>melalui mata atau kaki, perkelahian yang melukai mata, dengan kucing lain, saling menjilati hidung dan mata, terinfeksi virus pada tempat makan, minum, dan tempat kotoran.</p>\r\n\r\n<h3><strong>Gejala Klinis: </strong></h3>\r\n\r\n<ul>\r\n	<li>Mata memerah</li>\r\n	<li>Pembuluh kapiler darah membesar dan melebar (vasodilatasi pada pembuluh darah setempat)</li>\r\n	<li>Keluarnya leleran dari mata</li>\r\n	<li>Mata terasa sakit</li>\r\n	<li>Mata menjadi keruh</li>\r\n	<li>Bola mata melunak</li>\r\n	<li>Mata kucing seperti dilapisi film yang kabur</li>\r\n	<li>Kelopak mata terkena iritasi secara berlebihan</li>\r\n	<li>Mata tampak menggantung dan agak menonjol</li>\r\n	<li>Gerakan mata terlihat abnormal</li>\r\n	<li>Bola mata berubah warna</li>\r\n</ul>\r\n', '<h2><strong>Pencegahan: </strong></h2>\r\n\r\n<ul>\r\n	<li>Hindarkan kucing dari daerah yang berdebu lebat</li>\r\n	<li>Lakukan hygiene dan sanitasi yang baik, terutama pada tempat tidur, tempat makan, minum, dan tempat kotorannya</li>\r\n	<li>Lakukan vaksinasi terhadap penyakit infeksi yang menular</li>\r\n</ul>\r\n\r\n<h2><strong>Pengobatan: </strong></h2>\r\n\r\n<ul>\r\n	<li>Salep atau tetes mata dengan kombinasi antibiotik neomisin, polimiksin, dan basitrasin. Salepkan pada mata 2-3 kali sehari atau bantu dengan pembersihan memakai larutan salin</li>\r\n	<li>Untuk infeksi bakteri <em>Chlamydophila </em>atau <em>Mycoplasma </em>dapat disembuhkan dengan mengoleskan salep antibiotik tetrasiklin atau kloramfenikol</li>\r\n	<li>Pada kornea mata yang terluka, berikan salep atau tetes mata yang meg\ngandung kortison</li>\r\n</ul>\r\n', '14.PenyakitKonjungtivitasKucing.jpg'),
(15, 'Penyakit Kurap Kucing', '<h1><strong>Penyakit Kurap Kucing</strong></h1>\r\n\r\n<p>Jamur <em>Miscrosporum canis </em>merupakan penyebab penyakit kurap yang menyerang kulit dan bulu. Spora yang menempel pada bulu sudah bisa menyebabkan penyakit kulit. Jamur kurap disebut juga <em>ringworm </em>karena bentuk yang terinfeksi atau lukanya selalu berbentuk bulat (ring). Ukurannya 12-50 mm. Tepinya berwarna merah dan pusatnya tidak berbulu (rontok). Penyakit ini terkadang menyerang daerah muka dan telinga kucing. Kurap merupakan penyakit kulit yang sangat menular.</p>\r\n\r\n<h3><strong>Penularan:</strong><strong> </strong></h3>\r\n\r\n<p>Melalui kontak langsung dengan penderita (sekandang dengan penderita) atau melalui spora yang ada di sekitar (karpet, boneka, sisir, atau pohhon pengasah cakar). Faktor pendukung penyebab kucing serimg terserang penyakit kurap adalah stress, gizi buruk, kelewahsesakan, kelembapan tinggi, serta masa rontok bulu atau masa ganti bulu. Jamur ini dapat menyerang telapak kaki dan kuku.</p>\r\n\r\n<h3><strong>Gejala Klinis: </strong></h3>\r\n\r\n<ul>\r\n	<li>Bulu menipis di area tertentu</li>\r\n	<li>Kulit memerah</li>\r\n	<li>Bagian tengah yang terinfeksi berwarna pucat, bersisik, atau berketombe. Kemudian menjadi belang-belang yang berbentuk bulat, kadang oval, dengan warna yang lebih kelam dibandingkan dengan kulit disekitarnya</li>\r\n	<li>Area telinga serta mukanya sedikit bersisik</li>\r\n</ul>\r\n', '<h2><strong>Pencegahan:</strong></h2>\r\n\r\n<ul>\r\n	<li>Ruang kucing sebaiknya tidak dipasangi karpet agar lebih mudah dibersihkan</li>\r\n	<li>Untuk sanitasi ruangan, sebaiknya menggunakan pengisap debu</li>\r\n	<li>Sebaiknya, tempat tidur, kasur, dan selimut dibersihkan dengan larutan kaporit atau air panas</li>\r\n	<li>Jika ada kucing yang sudah terjangkit: buang semua peralatan (sikat, kalung, selimut, tempat tidur, rak, dan boneka). Buang semua peralatan yang tidak dapat dibersihkan dengan kaporit atau air panas. Ganti semua peralatan dengan baru.</li>\r\n	<li>Lakukan sanitasi berminggu-minggu agar kucing benar-benar bebas dari spora.</li>\r\n</ul>\r\n\r\n<h2><strong>Pengobatan: </strong></h2>\r\n\r\n<p>Kombinasikan pengobatan secara topikal (salep antifungi) dan pengobatan secara oral untuk menghilangkan jamur penyebab kurap pada tubuh kucing.</p>\r\n\r\n<table border=\"1\" cellspacing=\"0\">\r\n	<thead>\r\n		<tr>\r\n			<td colspan=\"3\" style=\"background-color:#4472c4; width:450.8pt\">\r\n			<p><strong>Obat antigatal untuk kucing</strong></p>\r\n			</td>\r\n		</tr>\r\n		<tr>\r\n			<td style=\"background-color:#b4c6e7; width:150.25pt\">\r\n			<p><strong>Jenis Obat</strong></p>\r\n			</td>\r\n			<td style=\"background-color:#b4c6e7; width:150.25pt\">\r\n			<p><strong>Dosis yang Dianjurkan</strong></p>\r\n			</td>\r\n			<td style=\"background-color:#b4c6e7; width:150.3pt\">\r\n			<p><strong>Efek Samping</strong></p>\r\n			</td>\r\n		</tr>\r\n	</thead>\r\n	<tbody>\r\n		<tr>\r\n			<td style=\"background-color:#4472c4; width:150.25pt\">\r\n			<p><strong>Obat Antihistamin</strong></p>\r\n			</td>\r\n			<td style=\"background-color:#ffd966; width:150.25pt\">\r\n			<p>&nbsp;</p>\r\n			</td>\r\n			<td style=\"background-color:#ffd966; width:150.3pt\">\r\n			<p>&nbsp;</p>\r\n			</td>\r\n		</tr>\r\n		<tr>\r\n			<td style=\"background-color:#ffd966; width:150.25pt\">\r\n			<p>Setrizin HCl</p>\r\n			</td>\r\n			<td style=\"background-color:#ffd966; width:150.25pt\">\r\n			<p>5 mg/cat per oral</p>\r\n			</td>\r\n			<td style=\"background-color:#ffd966; width:150.3pt\">\r\n			<p>&nbsp;</p>\r\n			</td>\r\n		</tr>\r\n		<tr>\r\n			<td style=\"background-color:#ffd966; width:150.25pt\">\r\n			<p>Klorfeniramina maleat</p>\r\n			</td>\r\n			<td style=\"background-color:#ffd966; width:150.25pt\">\r\n			<p>2-4 mg/kg bb per oral</p>\r\n			</td>\r\n			<td style=\"background-color:#ffd966; width:150.3pt\">\r\n			<p>Mengantuk, salivasi</p>\r\n			</td>\r\n		</tr>\r\n		<tr>\r\n			<td style=\"background-color:#ffd966; width:150.25pt\">\r\n			<p>Klemastin fumarat</p>\r\n			</td>\r\n			<td style=\"background-color:#ffd966; width:150.25pt\">\r\n			<p>0,68 mg/cat per oral</p>\r\n			</td>\r\n			<td style=\"background-color:#ffd966; width:150.3pt\">\r\n			<p>Diare, letargi</p>\r\n			</td>\r\n		</tr>\r\n		<tr>\r\n			<td style=\"background-color:#ffd966; width:150.25pt\">\r\n			<p>Difenhidramina HCl</p>\r\n			</td>\r\n			<td style=\"background-color:#ffd966; width:150.25pt\">\r\n			<p>0,50 mg/kg bb per oral</p>\r\n			</td>\r\n			<td style=\"background-color:#ffd966; width:150.3pt\">\r\n			<p>Hipereksitabilitas</p>\r\n			</td>\r\n		</tr>\r\n		<tr>\r\n			<td style=\"background-color:#ffd966; width:150.25pt\">\r\n			<p>Feksofenadin</p>\r\n			</td>\r\n			<td style=\"background-color:#ffd966; width:150.25pt\">\r\n			<p>5-10 mg/cat per oral</p>\r\n			</td>\r\n			<td style=\"background-color:#ffd966; width:150.3pt\">\r\n			<p>&nbsp;</p>\r\n			</td>\r\n		</tr>\r\n		<tr>\r\n			<td style=\"background-color:#ffd966; width:150.25pt\">\r\n			<p>Loratadin</p>\r\n			</td>\r\n			<td style=\"background-color:#ffd966; width:150.25pt\">\r\n			<p>5 mg/cat per oral</p>\r\n			</td>\r\n			<td style=\"background-color:#ffd966; width:150.3pt\">\r\n			<p>&nbsp;</p>\r\n			</td>\r\n		</tr>\r\n		<tr>\r\n			<td style=\"background-color:#ffd966; width:150.25pt\">\r\n			<p>Hidroksizina HCl</p>\r\n			</td>\r\n			<td style=\"background-color:#ffd966; width:150.25pt\">\r\n			<p>5-10 mg/cat per oral</p>\r\n			</td>\r\n			<td style=\"background-color:#ffd966; width:150.3pt\">\r\n			<p>Depresi, perubahan perilaku</p>\r\n			</td>\r\n		</tr>\r\n		<tr>\r\n			<td style=\"background-color:#4472c4; width:150.25pt\">\r\n			<p><strong>Obat Kortikosteroid</strong></p>\r\n			</td>\r\n			<td style=\"background-color:#ffd966; width:150.25pt\">\r\n			<p>&nbsp;</p>\r\n			</td>\r\n			<td style=\"background-color:#ffd966; width:150.3pt\">\r\n			<p>&nbsp;</p>\r\n			</td>\r\n		</tr>\r\n		<tr>\r\n			<td style=\"background-color:#ffd966; width:150.25pt\">\r\n			<p>Prednisolon</p>\r\n			</td>\r\n			<td style=\"background-color:#ffd966; width:150.25pt\">\r\n			<p>0,50-1 mg/kg bb per oral</p>\r\n			</td>\r\n			<td style=\"background-color:#ffd966; width:150.3pt\">\r\n			<p>Poliuria, polydipsia, dan polifagia</p>\r\n			</td>\r\n		</tr>\r\n		<tr>\r\n			<td style=\"background-color:#ffd966; width:150.25pt\">\r\n			<p>Metilprednisolon</p>\r\n			</td>\r\n			<td style=\"background-color:#ffd966; width:150.25pt\">\r\n			<p>5 mg/kg bb SC/IM</p>\r\n			</td>\r\n			<td style=\"background-color:#ffd966; width:150.3pt\">\r\n			<p>&nbsp;</p>\r\n			</td>\r\n		</tr>\r\n		<tr>\r\n			<td style=\"background-color:#ffd966; width:150.25pt\">\r\n			<p>Siklosporin</p>\r\n			</td>\r\n			<td style=\"background-color:#ffd966; width:150.25pt\">\r\n			<p>5 mg/kg bb per oral</p>\r\n			</td>\r\n			<td style=\"background-color:#ffd966; width:150.3pt\">\r\n			<p>Muntah-muntah dan diare</p>\r\n			</td>\r\n		</tr>\r\n		<tr>\r\n			<td colspan=\"3\" style=\"background-color:#ffd966; width:450.8pt\">\r\n			<p>Sumber: Logas S.M. (2010)</p>\r\n			</td>\r\n		</tr>\r\n	</tbody>\r\n</table>\r\n\r\n<p>&nbsp;</p>\r\n\r\n<table border=\"1\" cellspacing=\"0\">\r\n	<tbody>\r\n		<tr>\r\n			<td colspan=\"2\" style=\"background-color:#4472c4; width:450.8pt\">\r\n			<p><strong>Obat Fungi dan Obat Antivirus untuk Kucing</strong></p>\r\n			</td>\r\n		</tr>\r\n		<tr>\r\n			<td style=\"background-color:#8eaadb; width:148.6pt\">\r\n			<p><strong>Obat Antifungi</strong></p>\r\n			</td>\r\n			<td style=\"background-color:#8eaadb; width:302.2pt\">\r\n			<p><strong>Dosis yang Dianjurkan untuk Kucing</strong></p>\r\n			</td>\r\n		</tr>\r\n		<tr>\r\n			<td style=\"background-color:#ffd966; width:148.6pt\">\r\n			<p>Amfoterisin B</p>\r\n			</td>\r\n			<td style=\"background-color:#ffd966; width:302.2pt\">\r\n			<p>0,50 mg/kg bb IV, tiga kali seminggu</p>\r\n			</td>\r\n		</tr>\r\n		<tr>\r\n			<td style=\"background-color:#ffd966; width:148.6pt\">\r\n			<p>Itrakonazol</p>\r\n			</td>\r\n			<td style=\"background-color:#ffd966; width:302.2pt\">\r\n			<p>5-10 mg/kg bb per oral</p>\r\n			</td>\r\n		</tr>\r\n		<tr>\r\n			<td style=\"background-color:#ffd966; width:148.6pt\">\r\n			<p>Terbinafin</p>\r\n			</td>\r\n			<td style=\"background-color:#ffd966; width:302.2pt\">\r\n			<p>40 mg/kg bb per oral</p>\r\n			</td>\r\n		</tr>\r\n		<tr>\r\n			<td style=\"background-color:#ffd966; width:148.6pt\">\r\n			<p>Flukonazol</p>\r\n			</td>\r\n			<td style=\"background-color:#ffd966; width:302.2pt\">\r\n			<p>10 mg/kg bb per oral</p>\r\n			</td>\r\n		</tr>\r\n		<tr>\r\n			<td style=\"background-color:#ffd966; width:148.6pt\">\r\n			<p>Flukonazol</p>\r\n			</td>\r\n			<td style=\"background-color:#ffd966; width:302.2pt\">\r\n			<p>30-50 mg/kg bb per oral</p>\r\n			</td>\r\n		</tr>\r\n		<tr>\r\n			<td style=\"background-color:#ffd966; width:148.6pt\">\r\n			<p>Flusitosin</p>\r\n			</td>\r\n			<td style=\"background-color:#ffd966; width:302.2pt\">\r\n			<p>50 mg/kg bb per oral</p>\r\n			</td>\r\n		</tr>\r\n		<tr>\r\n			<td style=\"background-color:#ffd966; width:148.6pt\">\r\n			<p>Famsiklovir</p>\r\n			</td>\r\n			<td style=\"background-color:#ffd966; width:302.2pt\">\r\n			<p>62,50 mg/cat per oral</p>\r\n			</td>\r\n		</tr>\r\n		<tr>\r\n			<td style=\"background-color:#ffd966; width:148.6pt\">\r\n			<p>Interferon-alfa</p>\r\n			</td>\r\n			<td style=\"background-color:#ffd966; width:302.2pt\">\r\n			<p>10 unit/cat per oral, selama 21 hari</p>\r\n			</td>\r\n		</tr>\r\n		<tr>\r\n			<td style=\"background-color:#ffd966; width:148.6pt\">\r\n			<p>L-lisin</p>\r\n			</td>\r\n			<td style=\"background-color:#ffd966; width:302.2pt\">\r\n			<p>500 mg/cat per oral</p>\r\n			</td>\r\n		</tr>\r\n		<tr>\r\n			<td colspan=\"2\" style=\"background-color:#ffd966; width:450.8pt\">\r\n			<p>Sumber: Logas S.M. (2010) dan Stokes (1999)</p>\r\n			</td>\r\n		</tr>\r\n	</tbody>\r\n</table>\r\n', '15.PenyakitKurapKucing.jpg');
INSERT INTO `post` (`kode_post`, `nama_post`, `det_post`, `srn_post`, `gambar`) VALUES
(16, 'Penyakit Cacingan ', '<h1><strong>Penyakit Cacingan&nbsp;</strong></h1>\r\n\r\n<p>Jenis cacing yang biasa menyerang kucing adalah cacing bulat/cacing perut (<em>roundworm</em>) dan cacing pita/cacing pipih (<em>flatworm</em>). Sedangkan jenis cacing yang terkadang menyerang kucing adalah cacing tambang/cacing kait (<em>hookworm</em>).</p>\r\n\r\n<p><strong>1. Cacing Bulat</strong></p>\r\n\r\n<p>Cacing bulat banyak menyerang kucing. Daur hidup cacing bulat sangat kompleks, karena melibatkan lebih dari satu inang. Hamper semua anak kucing terserang penyakit ini, sedangkan persentase kucing dewasa terserang penyakit cacing bulat hanya 25-75%.</p>\r\n\r\n<p><strong>Penularan: </strong></p>\r\n\r\n<ul>\r\n	<li>Melalui makanan dan minuman yang dicemari telur cacing</li>\r\n	<li>Pemburuan dan pemasangan inang perantara seperti tikus dan burung liar yang telah mengandung telur cacing bulat.</li>\r\n	<li>Kontak dengan feses kucing yang terinfeksi dan lingkungan yang telah mengandung telur cacing</li>\r\n</ul>\r\n\r\n<p><strong>Gejala Klinis: </strong></p>\r\n\r\n<ul>\r\n	<li>Makannya rakus, tapi tetap kurus</li>\r\n	<li>Perutnya gendut atau buncit</li>\r\n	<li>Sering terlihat pada anak kucing sesudah disapih</li>\r\n	<li>Kedinginan</li>\r\n	<li>Pertumbuhannya terhambat</li>\r\n	<li>Pucat pasi, lesu, dan lemah</li>\r\n	<li>Diare</li>\r\n</ul>\r\n\r\n<h3><strong>2.&nbsp;Cacing Kait</strong></h3>\r\n\r\n<p>Cacing ini berwarna putih kelabu atau kemerahan, dan mempunyai dua pasang gigi. Cacing kait lebih kecil daripada cacing bulat. Panjang cacing kait jantan 5-9 mm, sementara yang betina sekitar 1 cm.</p>\r\n\r\n<p><strong>Penularan: </strong></p>\r\n\r\n<ul>\r\n	<li>Menembus telapak kaki dan jari kucing</li>\r\n	<li>Tertelannya tanah atau tanaman yang mengandung telur cacing</li>\r\n	<li>Tersebarnya kotoran yang mengandung telur cacing</li>\r\n	<li>Tertelannya kutu yang mengandung telur cacing</li>\r\n	<li>Penyusuan oleh induk yang terinfeksi</li>\r\n	<li>Pemangsaan tikus atau burung yang telah terinfeksi</li>\r\n	<li>Tempat makan dan minum yang tercemar telur cacing</li>\r\n</ul>\r\n\r\n<p><strong>Gejala Klinis: </strong></p>\r\n\r\n<ul>\r\n	<li>Nafsu makan menurun</li>\r\n	<li>Pucat, lesu, lemah</li>\r\n	<li>Diare berdarah</li>\r\n	<li>Kotorannya merah kehitaman</li>\r\n	<li>Badannya kurus dan gusinya pucat</li>\r\n	<li>Perutnya membesar atau buncit</li>\r\n	<li>Bulunya kusam, kasar, berdiri, dan gimbal</li>\r\n	<li>Sesak napas</li>\r\n	<li>Demam, mual, muntah</li>\r\n</ul>\r\n\r\n<h3><strong>3. Cacing Pita</strong></h3>\r\n\r\n<p>Cacing pinta berbentuk pipih seperti pita berwarna putih atau sedikit krem. Panjangnya bervariasi sekitar 25 mm sampai 30 cm. cacing ini terdiri dari kepala, leher, dan beberapa segmen.</p>\r\n\r\n<p><strong>Penularan: </strong>cacing pita memerlukan inang perantara seperti kutu, tikus, ikan, babi, kambing, domba, dan sapi sebelum menyerang inang definitif seperti kucing.</p>\r\n\r\n<p><strong>Gejala Klinis:</strong></p>\r\n\r\n<ul>\r\n	<li>Ruas-ruas cacing pita ditemukan pada bulu, sekitar anus, pangkal ekor, dan pada kotoran kucing</li>\r\n	<li>Pusing</li>\r\n	<li>Mudah marah</li>\r\n	<li>Mengigau</li>\r\n	<li>Kurang gizi</li>\r\n	<li>Diare</li>\r\n	<li>Lesu dan pucat</li>\r\n	<li>Anemia</li>\r\n	<li>Radang usus</li>\r\n	<li>Nafsu makan turun</li>\r\n	<li>Kurus, tapi perutnya buncit</li>\r\n</ul>\r\n', '<h2><strong>1. Cacing Bulat</strong></h2>\r\n\r\n<p><strong>Pencegahan: </strong>obat cacing diberikan setiap enam bulan sekali</p>\r\n\r\n<p><strong>Pengobatan: </strong>berikan obat cacing pirantel pamoat yang dapat diminum tanpa perlu puasa terlebih dahulu.</p>\r\n\r\n<h2><strong>2. Cacing Kait</strong></h2>\r\n\r\n<p><strong>Pencegahan:</strong></p>\r\n\r\n<ul>\r\n	<li>Lakukan <em>grooming </em>secara periodic</li>\r\n	<li>Control sanitasi kendang</li>\r\n	<li>Lakukan program pemberian obat cacing yang ketat setiap 3-6 bulan sekali<strong> </strong></li>\r\n</ul>\r\n\r\n<p><strong>Pengobatan:</strong></p>\r\n\r\n<ul>\r\n	<li>Obat cacing drontal untuk melawan cacing bulat, cacing tambang, dan cacing pita</li>\r\n	<li>Keiser dan Utzinger (2008) Albendazole atau mebendazole, levamisole, dan pyrantel pamoat</li>\r\n	<li>Di-isofenol dengan dosis 0,1-0,2 mg/kg bb SC</li>\r\n	<li>Obat antibiotik ampisilin atau amoksilin selama satu minggu</li>\r\n</ul>\r\n\r\n<h2><strong>3. Cacing Pita</strong></h2>\r\n\r\n<p><strong>Pencegahan: </strong>lakukan pemberantasan kutu di tubuh kucing serta tempat tidur kucing.</p>\r\n\r\n<p><strong>Pengobatan:</strong></p>\r\n\r\n<table border=\"1\" cellspacing=\"0\">\r\n	<tbody>\r\n		<tr>\r\n			<td colspan=\"4\" style=\"background-color:#4472c4; width:390.8pt\">\r\n			<p><strong>Obat Cacing dan Spesifikasinya</strong></p>\r\n			</td>\r\n		</tr>\r\n		<tr>\r\n			<td style=\"background-color:#8eaadb; width:145.3pt\">\r\n			<p><strong>Jenis Obat Cacing</strong></p>\r\n			</td>\r\n			<td style=\"background-color:#8eaadb; width:70.9pt\">\r\n			<p><strong>Ascaris</strong></p>\r\n			</td>\r\n			<td style=\"background-color:#8eaadb; width:3.0cm\">\r\n			<p><strong>Cacing Kait</strong></p>\r\n			</td>\r\n			<td style=\"background-color:#8eaadb; width:89.55pt\">\r\n			<p><strong>Cacing Pita</strong></p>\r\n			</td>\r\n		</tr>\r\n		<tr>\r\n			<td style=\"background-color:#ffd966; width:145.3pt\">\r\n			<p>Fenbendazol</p>\r\n			</td>\r\n			<td style=\"background-color:#ffd966; width:70.9pt\">\r\n			<p>Baik</p>\r\n			</td>\r\n			<td style=\"background-color:#ffd966; width:3.0cm\">\r\n			<p>Baik</p>\r\n			</td>\r\n			<td style=\"background-color:#ffd966; width:89.55pt\">\r\n			<p>Baik</p>\r\n			</td>\r\n		</tr>\r\n		<tr>\r\n			<td style=\"background-color:#ffd966; width:145.3pt\">\r\n			<p>Piperazina</p>\r\n			</td>\r\n			<td style=\"background-color:#ffd966; width:70.9pt\">\r\n			<p>Baik</p>\r\n			</td>\r\n			<td style=\"background-color:#ffd966; width:3.0cm\">\r\n			<p>Tanpa efek</p>\r\n			</td>\r\n			<td style=\"background-color:#ffd966; width:89.55pt\">\r\n			<p>Tanpa efek</p>\r\n			</td>\r\n		</tr>\r\n		<tr>\r\n			<td style=\"background-color:#ffd966; width:145.3pt\">\r\n			<p>Prazikuantel dan Pirantel</p>\r\n			</td>\r\n			<td style=\"background-color:#ffd966; width:70.9pt\">\r\n			<p>Baik</p>\r\n			</td>\r\n			<td style=\"background-color:#ffd966; width:3.0cm\">\r\n			<p>Baik</p>\r\n			</td>\r\n			<td style=\"background-color:#ffd966; width:89.55pt\">\r\n			<p>Baik</p>\r\n			</td>\r\n		</tr>\r\n		<tr>\r\n			<td style=\"background-color:#ffd966; width:145.3pt\">\r\n			<p>Pirantel pamoat</p>\r\n			</td>\r\n			<td style=\"background-color:#ffd966; width:70.9pt\">\r\n			<p>Baik</p>\r\n			</td>\r\n			<td style=\"background-color:#ffd966; width:3.0cm\">\r\n			<p>Baik</p>\r\n			</td>\r\n			<td style=\"background-color:#ffd966; width:89.55pt\">\r\n			<p>Tanpa efek</p>\r\n			</td>\r\n		</tr>\r\n		<tr>\r\n			<td style=\"background-color:#ffd966; width:145.3pt\">\r\n			<p>Selamektin</p>\r\n			</td>\r\n			<td style=\"background-color:#ffd966; width:70.9pt\">\r\n			<p>Baik</p>\r\n			</td>\r\n			<td style=\"background-color:#ffd966; width:3.0cm\">\r\n			<p>Baik</p>\r\n			</td>\r\n			<td style=\"background-color:#ffd966; width:89.55pt\">\r\n			<p>Tanpa efek</p>\r\n			</td>\r\n		</tr>\r\n		<tr>\r\n			<td colspan=\"4\" style=\"background-color:#ffd966; width:390.8pt\">\r\n			<p>Sumber: Eldredge, Carlson, dan Giffin (2008)</p>\r\n			</td>\r\n		</tr>\r\n	</tbody>\r\n</table>\r\n\r\n<p>&nbsp;</p>\r\n\r\n<table border=\"1\" cellspacing=\"0\">\r\n	<thead>\r\n		<tr>\r\n			<td colspan=\"3\" style=\"background-color:#4472c4; width:390.8pt\">\r\n			<p><strong>Obat Cacing untuk Kucing</strong></p>\r\n			</td>\r\n		</tr>\r\n		<tr>\r\n			<td style=\"background-color:#8eaadb; width:130.25pt\">\r\n			<p><strong>Jenis Obat Cacing</strong></p>\r\n			</td>\r\n			<td style=\"background-color:#8eaadb; width:130.25pt\">\r\n			<p><strong>Dosis yang Dianjurkan</strong></p>\r\n			</td>\r\n			<td style=\"background-color:#8eaadb; width:130.3pt\">\r\n			<p><strong>Target Parasit</strong></p>\r\n			</td>\r\n		</tr>\r\n	</thead>\r\n	<tbody>\r\n		<tr>\r\n			<td style=\"background-color:#ffd966; width:130.25pt\">\r\n			<p>Epsiprantel</p>\r\n			</td>\r\n			<td style=\"background-color:#ffd966; width:130.25pt\">\r\n			<p>2,75 mg/kg bb per oral</p>\r\n			</td>\r\n			<td style=\"background-color:#ffd966; width:130.3pt\">\r\n			<p>Cacing pita</p>\r\n			</td>\r\n		</tr>\r\n		<tr>\r\n			<td style=\"background-color:#ffd966; width:130.25pt\">\r\n			<p>Febantel</p>\r\n			</td>\r\n			<td style=\"background-color:#ffd966; width:130.25pt\">\r\n			<p>15 mg/kg bb per oral</p>\r\n			</td>\r\n			<td style=\"background-color:#ffd966; width:130.3pt\">\r\n			<p>Cacing pita, cacing bulat, cacing kait</p>\r\n			</td>\r\n		</tr>\r\n		<tr>\r\n			<td style=\"background-color:#ffd966; width:130.25pt\">\r\n			<p>Fenbendazol</p>\r\n			</td>\r\n			<td style=\"background-color:#ffd966; width:130.25pt\">\r\n			<p>50 mg/kg bb per oral, selama 3-5 hari</p>\r\n			</td>\r\n			<td style=\"background-color:#ffd966; width:130.3pt\">\r\n			<p>Cacing pita, cacing bulat, cacing kait, <em>Strongyloides spp.</em></p>\r\n			</td>\r\n		</tr>\r\n		<tr>\r\n			<td style=\"background-color:#ffd966; width:130.25pt\">\r\n			<p>Flubendazol</p>\r\n			</td>\r\n			<td style=\"background-color:#ffd966; width:130.25pt\">\r\n			<p>22 mg/kg bb per oral, selama 2-3 hari</p>\r\n			</td>\r\n			<td style=\"background-color:#ffd966; width:130.3pt\">\r\n			<p>Cacing pita, cacing bulat, cacing kait</p>\r\n			</td>\r\n		</tr>\r\n		<tr>\r\n			<td style=\"background-color:#ffd966; width:130.25pt\">\r\n			<p>Milbemisin</p>\r\n			</td>\r\n			<td style=\"background-color:#ffd966; width:130.25pt\">\r\n			<p>2 mg/kg bb per oral</p>\r\n			</td>\r\n			<td style=\"background-color:#ffd966; width:130.3pt\">\r\n			<p>Cacing bulat, cacing kait</p>\r\n			</td>\r\n		</tr>\r\n		<tr>\r\n			<td style=\"background-color:#ffd966; width:130.25pt\">\r\n			<p>Piperazina</p>\r\n			</td>\r\n			<td style=\"background-color:#ffd966; width:130.25pt\">\r\n			<p>110 mg/kg per oral, diulang setelah tiga minggu kemudian</p>\r\n			</td>\r\n			<td style=\"background-color:#ffd966; width:130.3pt\">\r\n			<p>Cacing bulat</p>\r\n			</td>\r\n		</tr>\r\n		<tr>\r\n			<td style=\"background-color:#ffd966; width:130.25pt\">\r\n			<p>Prazikuantel</p>\r\n			</td>\r\n			<td style=\"background-color:#ffd966; width:130.25pt\">\r\n			<p>20-25 mg/kg bb per oral/SC</p>\r\n			</td>\r\n			<td style=\"background-color:#ffd966; width:130.3pt\">\r\n			<p>Cacing Pita</p>\r\n			</td>\r\n		</tr>\r\n		<tr>\r\n			<td style=\"background-color:#ffd966; width:130.25pt\">\r\n			<p>Pirantel pamoat</p>\r\n			</td>\r\n			<td style=\"background-color:#ffd966; width:130.25pt\">\r\n			<p>5-20 mg/kg bb per oral, diulang setelah tiga minggu kemudian</p>\r\n			</td>\r\n			<td style=\"background-color:#ffd966; width:130.3pt\">\r\n			<p>Cacing bulat, cacing kait</p>\r\n			</td>\r\n		</tr>\r\n		<tr>\r\n			<td style=\"background-color:#ffd966; width:130.25pt\">\r\n			<p>Pirantel + prazikuantel</p>\r\n			</td>\r\n			<td style=\"background-color:#ffd966; width:130.25pt\">\r\n			<p>1 tablet/4 kg bb per oral</p>\r\n			</td>\r\n			<td style=\"background-color:#ffd966; width:130.3pt\">\r\n			<p>Cacing pita, cacing bulat, cacing kait</p>\r\n			</td>\r\n		</tr>\r\n		<tr>\r\n			<td colspan=\"3\" style=\"background-color:#ffd966; width:390.8pt\">\r\n			<p>Sumber: Javinsky (2000)</p>\r\n			</td>\r\n		</tr>\r\n	</tbody>\r\n</table>\r\n', '16.PenyakitCacingKucing.jpg'),
(17, 'Penyakit Kutu', '<h1><strong>Penyakit Kutu</strong></h1>\r\n\r\n<p>Penyakit ini disebabkan oleh <em>Ctenocephalides felis. </em>Kutu ini tidak dapat hidup di tempat dengan ketinggian lebih dari 1.524 m. Kutu merupakan pembawa penyakit cacing pita, bakteri pernisiosa, dan <em>Mycoplasma. </em>Pangkal ekor dan sekitar punggung merupakan daerah permukiman kutu.</p>\r\n\r\n<p><strong>Penularan: </strong>kutu ini ditularkan oleh kucing atau anjing lainnya.</p>\r\n\r\n<h3><strong>Gejala Klinis: </strong></h3>\r\n\r\n<ul>\r\n	<li>Gatal-gatal biasa</li>\r\n	<li>Kulitnya kering</li>\r\n	<li>Bulunya rontok</li>\r\n	<li>Nafsu makan turun</li>\r\n</ul>\r\n', '<h2><strong>Pencegahan: </strong></h2>\r\n\r\n<ul>\r\n	<li>Difokuskan pada tempat tidur kucing, kandang, karpet, dan furnitur</li>\r\n	<li>Pakaikan kalung antikutu</li>\r\n</ul>\r\n\r\n<h2><strong>Pengobatan: </strong></h2>\r\n\r\n<ul>\r\n	<li>Cairan otik steroid dan salep hidrokortison</li>\r\n	<li>Pembasmi kutu, seperti: moksidektrin, fipronil, S-metoprena, selamektin, kapstar, nitenpiram, dan priproksifen. Semuanya dapat diberikan delam bentuk semprot, bedak, cairan, sampo, dan kalung.</li>\r\n	<li>Obat Spinosad</li>\r\n	<li>Obat natrium borat</li>\r\n	<li>Obat imidacloprid</li>\r\n	<li>Obat injeksi lufenuron</li>\r\n	<li>Obat siromazina</li>\r\n	<li>Obat otik mitisida</li>\r\n</ul>\r\n\r\n<table border=\"1\" cellspacing=\"0\">\r\n	<tbody>\r\n		<tr>\r\n			<td colspan=\"4\" style=\"background-color:#4472c4; width:450.8pt\">\r\n			<p><strong>Obat-obatan Khusus Pembasmi Kutu pada Kucing</strong></p>\r\n			</td>\r\n		</tr>\r\n		<tr>\r\n			<td style=\"background-color:#8eaadb; width:112.7pt\">\r\n			<p><strong>Obat Kutu</strong></p>\r\n			</td>\r\n			<td style=\"background-color:#8eaadb; width:112.7pt\">\r\n			<p><strong>Kelompok</strong></p>\r\n			</td>\r\n			<td style=\"background-color:#8eaadb; width:112.7pt\">\r\n			<p><strong>Daya Kerja</strong></p>\r\n			</td>\r\n			<td style=\"background-color:#8eaadb; width:112.7pt\">\r\n			<p><strong>Aplikasi</strong></p>\r\n			</td>\r\n		</tr>\r\n		<tr>\r\n			<td style=\"background-color:#ffd966; width:112.7pt\">\r\n			<p>Imidakloprid</p>\r\n			</td>\r\n			<td style=\"background-color:#ffd966; width:112.7pt\">\r\n			<p>Neonikotinoid</p>\r\n			</td>\r\n			<td style=\"background-color:#ffd966; width:112.7pt\">\r\n			<p>Asetilkolin nikotinik polisinaptik agonis</p>\r\n			</td>\r\n			<td style=\"background-color:#ffd966; width:112.7pt\">\r\n			<p>Tepat di areanya, oleskan pada kulit</p>\r\n			</td>\r\n		</tr>\r\n		<tr>\r\n			<td style=\"background-color:#ffd966; width:112.7pt\">\r\n			<p>Fipronil</p>\r\n			</td>\r\n			<td style=\"background-color:#ffd966; width:112.7pt\">\r\n			<p>Fenilpirazola</p>\r\n			</td>\r\n			<td style=\"background-color:#ffd966; width:112.7pt\">\r\n			<p>Mengikat pada GABA</p>\r\n			</td>\r\n			<td style=\"background-color:#ffd966; width:112.7pt\">\r\n			<p>Semprot, tepat di areanya, dan oleskan pada kulit</p>\r\n			</td>\r\n		</tr>\r\n		<tr>\r\n			<td style=\"background-color:#ffd966; width:112.7pt\">\r\n			<p>Selamektin</p>\r\n			</td>\r\n			<td style=\"background-color:#ffd966; width:112.7pt\">\r\n			<p>Avermektrin</p>\r\n			</td>\r\n			<td style=\"background-color:#ffd966; width:112.7pt\">\r\n			<p>Mengikat reseptor pada <em>glutamate-gated</em></p>\r\n			</td>\r\n			<td style=\"background-color:#ffd966; width:112.7pt\">\r\n			<p>Tepat di areanya (topikal), oleskan pada kulit</p>\r\n			</td>\r\n		</tr>\r\n		<tr>\r\n			<td style=\"background-color:#ffd966; width:112.7pt\">\r\n			<p>Nitenpiram</p>\r\n			</td>\r\n			<td style=\"background-color:#ffd966; width:112.7pt\">\r\n			<p>Neonikotinoid</p>\r\n			</td>\r\n			<td style=\"background-color:#ffd966; width:112.7pt\">\r\n			<p>Asetilkolin nikotinik polisinaptik agonis</p>\r\n			</td>\r\n			<td style=\"background-color:#ffd966; width:112.7pt\">\r\n			<p>Per oral</p>\r\n			</td>\r\n		</tr>\r\n		<tr>\r\n			<td style=\"background-color:#ffd966; width:112.7pt\">\r\n			<p>Dinotefuran</p>\r\n			</td>\r\n			<td style=\"background-color:#ffd966; width:112.7pt\">\r\n			<p>Neonikotinoid</p>\r\n			</td>\r\n			<td style=\"background-color:#ffd966; width:112.7pt\">\r\n			<p>Asetilkolin nikotinik polisinaptik agonis</p>\r\n			</td>\r\n			<td style=\"background-color:#ffd966; width:112.7pt\">\r\n			<p>Tepat di areanya, oleskan pada kulit</p>\r\n			</td>\r\n		</tr>\r\n		<tr>\r\n			<td style=\"background-color:#ffd966; width:112.7pt\">\r\n			<p>Piretrin</p>\r\n			</td>\r\n			<td style=\"background-color:#ffd966; width:112.7pt\">\r\n			<p>Piretroid</p>\r\n			</td>\r\n			<td style=\"background-color:#ffd966; width:112.7pt\">\r\n			<p>Memengaruhi kanal-natrium neuron</p>\r\n			</td>\r\n			<td style=\"background-color:#ffd966; width:112.7pt\">\r\n			<p>Semprot, tepat di areanya, dan oleskan pada kulit</p>\r\n			</td>\r\n		</tr>\r\n		<tr>\r\n			<td colspan=\"4\" style=\"background-color:#ffd966; width:450.8pt\">\r\n			<p>Sumber: Logas S.M. (2010)</p>\r\n			</td>\r\n		</tr>\r\n	</tbody>\r\n</table>\r\n', '17.kutukucing.jpg'),
(18, 'Penyakit Tungau', '<h1><strong>Penyakit Tungau</strong></h1>\r\n\r\n<p>Penyakit ini umumnya disebabkan oleh <em>Otodectes cynotis. </em>Tungau berwarna putih atau krem. Tungau sering menyerang kucing muda, suka tinggal di dalam lubang telinga dan sering juga terlihat di kotoran kucing.</p>\r\n\r\n<p><strong>Penularan: </strong>melalui tempat tidur atau kontak langsung dengan kucing bertungau.</p>\r\n\r\n<h3><strong>Gejala Klinis: </strong></h3>\r\n\r\n<ul>\r\n	<li>Terlihat sering menggeleng-gelengkan kepala dan garuk-garuk daun telinga hingga berdarah</li>\r\n	<li>Kucing menggosok-gosokkan daun telinganya ke lantai, dinding, atau tanah</li>\r\n	<li>Sering menunduk dan kehilangan keseimbangan, kadang berguling-guling</li>\r\n</ul>\r\n', '<h2><strong>Pencegahan: </strong></h2>\r\n\r\n<ul>\r\n	<li>Cuci atau ganti tempat tidur anak kucing</li>\r\n	<li>Tiap 3-4 minggu sekali obati telinga dengan obat antitungau. Kita dapat berikan obat tetes telinga berupa pembunuh tungau (Acarexx) atau obat penyembuh radang</li>\r\n	<li>Berikan antibiotik</li>\r\n	<li>Bersihkan lubang telinga sesering mungkin</li>\r\n</ul>\r\n\r\n<h2><strong>Pengobatan: </strong></h2>\r\n\r\n<ul>\r\n	<li>Bersihkan telinga dengan hati-hati</li>\r\n	<li>Berikan obat pembunuh tungau seperti piretrin, milbemisin, dan selamektrin</li>\r\n</ul>\r\n', '18.TungauKucing.jpg'),
(19, 'Stud Tail', '<h1><strong>Stud Tail</strong></h1>\r\n\r\n<p><em>Stud tail </em>adalah suatu kondisi kulit pada kucing yang ditandai dengan bagian pangkal ekor yang berminyak, berkerak kehitaman, dan menimbulkan bau tidak sedap. Secara umum, kondisi ini disebabkan oleh pembesaran kelenjar minyak pada pangkal ekor kucing.&nbsp;Istilah &ldquo;<em>stud</em>&rdquo; merujuk pada pejantan, sebab kondisi ini memang lebih umum terlihat pada kucing jantan yang belum menjalani proses kebiri atau steril. Namun, pada beberapa kasus, kondisi ini juga bisa ditemui pada kucing jantan atau betina yang telah disteril.</p>\r\n\r\n<h3><strong>Gejala:</strong></h3>\r\n\r\n<ul>\r\n	<li>Bulu berminyak pada pangkal ekor,</li>\r\n	<li>Kerontokan bulu,</li>\r\n	<li>Kulit bersisik,</li>\r\n	<li>Bintik-bintik hitam atau komedo,</li>\r\n	<li>Kulit menebal dan mengeras, serta</li>\r\n	<li>Warna kulit lebih gelap daripada area sekitarnya.</li>\r\n</ul>\r\n', '<h2><strong>Pencegahan:</strong></h2>\r\n\r\n<ul>\r\n	<li>Berikan makanan yang kaya akan omega-3 dan omega-6, dan pastikan mengandung mineral dan vitamin yang penting bagi kesehatan bulu dan kulit</li>\r\n	<li>Menyikat bulu kucing rutin seminggu minimal 3-4 kali</li>\r\n	<li>Sterilisasi kucing</li>\r\n</ul>\r\n\r\n<h2><strong>Pengobatan :</strong></h2>\r\n\r\n<ul>\r\n	<li>Bersihkan area yang terkena penyakit dengan lembut menggunakan shampoo khusus untuk kucing</li>\r\n	<li>Jauhkan kucing dari tempat yang lembab dan jaga kebersihan tempat tinggaal kucing</li>\r\n	<li>Berikan obat antibiotik dan anti-inflamasi oral untuk meredakan peradangan dan infeksi</li>\r\n</ul>\r\n', '19.studtail.jpg'),
(20, 'Penyakit Diare', '<h1><strong>Penyakit Diare</strong></h1>\r\n\r\n<p>Penyakit ini merupakan penyakit bertambahnya cairan pada feses dan meningkatnya freluensi defekasi. Diare ringan disebabkan karena perubahan makanan, terlalu banyak makan, dan gangguan stress. Sedangkan diare berat disebabkan karena kenaikan Gerakan peristaltik usus sehingga material makanannya keluar lebih cepat, makanan tidak punya banyak waktu untuk dicerna dengan baik.</p>\r\n\r\n<p><strong>Penularan: </strong>melalui makanan, udara, atau kontak langsung, terutama dengan cairan tubuh kucing yang terinfeksi dan mencemari tempat makan, minum, tempat tidur, dan kendang.</p>\r\n\r\n<h3><strong>Gejala Klinis: </strong></h3>\r\n\r\n<ul>\r\n	<li>Mencret berair</li>\r\n	<li>Feses sangat encer</li>\r\n	<li>Kotoran kucing berbau busuk</li>\r\n	<li>Terkadang kotorannya keluar bersama darah atau lender, dan berbusa</li>\r\n	<li>Muntah-muntah dan menolak minum</li>\r\n</ul>\r\n', '<h2><strong>Pencegahan:</strong></h2>\r\n\r\n<ul>\r\n	<li>Bersihkan tempat makan, minum, dan tempat kotorannya dengan larutan desinfektan setiap hari</li>\r\n	<li>Lakukan hygiene dan sanitasi yang baik</li>\r\n	<li>Berikan makanan dan minuman yang segar dan bergizi</li>\r\n	<li>Berikan gizi yang baik dan suplemen vitamin untuk meningkatkan daya tahan tubuh</li>\r\n</ul>\r\n\r\n<h2><strong>Pengobatan: </strong></h2>\r\n\r\n<ul>\r\n	<li>Memeriksa feses secara lengkap</li>\r\n	<li>Berikan infus cairan elektrolit agar dapat memulihkan kondisi tubuh kucing dengan cepat</li>\r\n	<li>Berikan liperamid HCl 0,5-1 mg sebagai obat antidiare</li>\r\n	<li>Berikan obat oral absorben, misalnya kaolin, norit, magnesium, hidroksida, dan simetridina</li>\r\n	<li>Lakukan terapi antibiotik, misla sulfonamida, tetrasiklin, dan kloramfenikol</li>\r\n	<li>Berikan <em>bland diet, </em>misalnya daging ayam, daging kambing, dan nasi bubur</li>\r\n</ul>\r\n', '20.DiareKucing.jpg'),
(21, 'Penyakit Konstipasi Kucing', '<h1><strong>Penyakit Konstipasi Kucing</strong></h1>\r\n\r\n<p>Umumnya kucing akan buang air besar 1-2 kali sehari. Namun, ada juga kucing yang buang air besar tiap 2-3 kali sehari, sehingga terkena penyakit konstipasi. Kucing yang terkena penyakit konstipasi akan jarang atau sulit buang kotorannya.</p>\r\n\r\n<h3><strong>Penyebab: </strong></h3>\r\n\r\n<ul>\r\n	<li>Kualitas makanan</li>\r\n	<li>Umur kucing, dimana otot susunya sudah mulai melemah, sehingga aktivitasnya berkurang</li>\r\n	<li>Adanya gumpal rambut di dalam usus sehingga pengeluaran fesesnya terlambat atau pelan</li>\r\n	<li>Kurang gerak, kurang olahraga atau kelebihan berat badan</li>\r\n	<li>Luka, misalnya cidera pelvis, tulang punggung, dan tulang ekornya akan menggangu pengeluaran feses</li>\r\n	<li>Gangguan, infeksi, atau kanker di kolon, anus, kelenjar prostat (untuk pejantan), dan di tulang belakang</li>\r\n	<li>Karena perubahan makanan dari cair ke padat secara mendadak (pelet)</li>\r\n	<li>Karena pengaruh obat-obatan tertentu</li>\r\n</ul>\r\n\r\n<h3><strong>Gejala Klinis: </strong></h3>\r\n\r\n<ul>\r\n	<li>Kesulitan buang kotoran</li>\r\n	<li>Anusnya membengkak</li>\r\n	<li>Kotorannya kemerah merahan dan kadang disertai darah</li>\r\n	<li>Nafsu makan menurun</li>\r\n	<li>Gelisah, depresi, dan tegang</li>\r\n	<li>Dehidrasi&nbsp;</li>\r\n</ul>\r\n', '<p>&nbsp;</p>\r\n\r\n<h2><strong>Pencegahan: </strong></h2>\r\n\r\n<ul>\r\n	<li>Berikan makanan diet seimbang yang cukup kaya akan serat kasar</li>\r\n	<li>Berikan enema atau keluarkan kotoran dengan manual</li>\r\n	<li>Berikan infus cairan secara intravena untuk mengoreksi dehidrasinya</li>\r\n</ul>\r\n\r\n<h2><strong>Pengobatan: </strong></h2>\r\n\r\n<ul>\r\n	<li>Berikan obat laksatif (konstipasi ringan)</li>\r\n	<li>Berikan laktulosa (melunakkan feses keras)</li>\r\n	<li>Air sabun atau minyak goreng yang dimasukkan lewat rektrum</li>\r\n	<li>Minyak parafin 5-10 ml per anal</li>\r\n	<li>Minyak jarak 4-15 ml per anal</li>\r\n	<li>Minyak zaitun 10-15 ml per anal</li>\r\n	<li>Metil selulosa satu tablet per oral</li>\r\n</ul>\r\n\r\n<table border=\"1\" cellspacing=\"0\">\r\n	<tbody>\r\n		<tr>\r\n			<td colspan=\"3\" style=\"background-color:#4472c4; width:450.8pt\">\r\n			<p><strong>Manajemen Medis Konstipasi</strong></p>\r\n			</td>\r\n		</tr>\r\n		<tr>\r\n			<td style=\"background-color:#8eaadb; width:150.25pt\">\r\n			<p><strong>Klasifikasi</strong></p>\r\n			</td>\r\n			<td style=\"background-color:#8eaadb; width:150.25pt\">\r\n			<p><strong>Contoh Obat</strong></p>\r\n			</td>\r\n			<td style=\"background-color:#8eaadb; width:150.3pt\">\r\n			<p><strong>Keterangan</strong></p>\r\n			</td>\r\n		</tr>\r\n		<tr>\r\n			<td style=\"background-color:#ffd966; width:150.25pt\">\r\n			<p>Laksatif lubrikan</p>\r\n			</td>\r\n			<td style=\"background-color:#ffd966; width:150.25pt\">\r\n			<p>Petrolium, minyak mineral</p>\r\n			</td>\r\n			<td style=\"background-color:#ffd966; width:150.3pt\">\r\n			<p>Aman, mudah didapat</p>\r\n			</td>\r\n		</tr>\r\n		<tr>\r\n			<td style=\"background-color:#ffd966; width:150.25pt\">\r\n			<p>Laksatif hiperosmotik</p>\r\n			</td>\r\n			<td style=\"background-color:#ffd966; width:150.25pt\">\r\n			<p>Laktulosa, polietilena glikol</p>\r\n			</td>\r\n			<td style=\"background-color:#ffd966; width:150.3pt\">\r\n			<p>Dosis 2 ml/<em>cat </em>per 12 jam</p>\r\n			</td>\r\n		</tr>\r\n		<tr>\r\n			<td style=\"background-color:#ffd966; width:150.25pt\">\r\n			<p>Laksatif emolien</p>\r\n			</td>\r\n			<td style=\"background-color:#ffd966; width:150.25pt\">\r\n			<p>Dokusat</p>\r\n			</td>\r\n			<td style=\"background-color:#ffd966; width:150.3pt\">\r\n			<p>50 mg/<em>cat </em>per oral, per 12 jam</p>\r\n			</td>\r\n		</tr>\r\n		<tr>\r\n			<td style=\"background-color:#ffd966; width:150.25pt\">\r\n			<p>Laksatif pukal</p>\r\n			</td>\r\n			<td style=\"background-color:#ffd966; width:150.25pt\">\r\n			<p>Psilium</p>\r\n			</td>\r\n			<td style=\"background-color:#ffd966; width:150.3pt\">\r\n			<p>Meningkatkan gerak usus</p>\r\n			</td>\r\n		</tr>\r\n		<tr>\r\n			<td style=\"background-color:#ffd966; width:150.25pt\">\r\n			<p>Laksatif stimulant</p>\r\n			</td>\r\n			<td style=\"background-color:#ffd966; width:150.25pt\">\r\n			<p>Bisakodil</p>\r\n			</td>\r\n			<td style=\"background-color:#ffd966; width:150.3pt\">\r\n			<p>5 mg/<em>cat </em>per oral</p>\r\n			</td>\r\n		</tr>\r\n		<tr>\r\n			<td style=\"background-color:#ffd966; width:150.25pt\">\r\n			<p>Agen prokinetic</p>\r\n			</td>\r\n			<td style=\"background-color:#ffd966; width:150.25pt\">\r\n			<p>Kisaprid</p>\r\n			</td>\r\n			<td style=\"background-color:#ffd966; width:150.3pt\">\r\n			<p>2,50-5 mg/<em>cat</em></p>\r\n			</td>\r\n		</tr>\r\n		<tr>\r\n			<td colspan=\"3\" style=\"background-color:#ffd966; width:450.8pt\">\r\n			<p>Sumber: Baral (1986)</p>\r\n			</td>\r\n		</tr>\r\n	</tbody>\r\n</table>\r\n', '21.KonstipasiKucing.jpg'),
(22, 'Hairball', '<h1><strong>Hairball</strong></h1>\r\n\r\n<p>Penyakit gumpal rambut (<em>hairball</em>) atau biasa disebut trikobezoar sering terjadi pada kucing berbulu panjang yang sering melakukan <em>grooming, </em>menjilati dan menyisir badan serta bulunya untuk menghilangkan kotoran dan bulu rontok. Menurut Goldstein (2010), gumpal rambut merupakan protein taklarut, atau biasa disebut keratin, tidak dapat dicerna oleh kucing di dalam lambung sehingga mengganggu kelancaran proses pencernaan.</p>\r\n\r\n<h3><strong>Gejala Klinis: </strong></h3>\r\n\r\n<ul>\r\n	<li>Muntah-muntah</li>\r\n	<li>Menderita konstipasi, lesu, lemah, batuk-batuk</li>\r\n	<li>Nafsu makan turun</li>\r\n	<li>Depresi</li>\r\n	<li>Berat badan turun</li>\r\n	<li>Pencernaan terganggu</li>\r\n	<li>Saat muntah, muntahannya tampak gumpalan rambut berbentuk bola kecil atau agak Panjang seperti feses</li>\r\n</ul>\r\n', '<h2><strong>Pencegahan: </strong></h2>\r\n\r\n<ul>\r\n	<li>Sering memandikan dan menyisir bulu kucing, sehingga bulu yang mudah rontoh dapat tersingkir</li>\r\n	<li>Beri makanan yang tinggi serat kasarnya</li>\r\n	<li>Lakukan pemberantasan kutu</li>\r\n</ul>\r\n\r\n<h2><strong>Pengobatan: </strong></h2>\r\n\r\n<ul>\r\n	<li>\r\n	<p>Berikan jeli petroleum putih, &frac12; sendok makan, seminggu satu sampai dua kali agar gumpal rambutnya mudah keluar</p>\r\n	</li>\r\n	<li>Berikan sedikit cuka apel &frac12; - &frac14; sendok the sudah cukup untuk melunakkan gumpal rambut agar lebih mudah dikeluarkan</li>\r\n	<li>Berikan minyak mineral dengan dosis satu sendok makan untuk berat 2,3 kg</li>\r\n	<li>Obat konstipasi: obat laksatif lubrikan, laksatif emolien, laksatif osmotik, dan laktulosa</li>\r\n	<li>Obat konstipasi kronis: obat antibiotik eritromisin dan siprofloksasin agar kucing terbebas dari infeksi sekunder oleh bakteri</li>\r\n	<li>Terapi sistemik minimal selama enam minggu</li>\r\n</ul>\r\n', '22.Hairball.png'),
(23, 'Penyakit Eklamsia Kucing', '<h1><strong>Penyakit Eklamsia Kucing</strong></h1>\r\n\r\n<p><br />\r\nPenyakit eklampsia atau disebut demam susu (<em>milk fever</em>) atau tetani puerperal merupakan gangguan akut yang disebabkan oleh penurunan secara drastis kadar kalsium di dalam darah (hipokalsemia).</p>\r\n\r\n<p><strong>Penyebab:</strong></p>\r\n\r\n<p>Sering menyerang induk kucing sesudah melahirkan atau induk yang sedang menyusui anaknya setelah beberapa hari atau beberapa minggu kemudian, karena melahirkan anak yang terlalu banyak.</p>\r\n\r\n<h3><strong>Gejala Klinis: </strong></h3>\r\n\r\n<p><strong>G</strong>ejala eclampsia tampak 1-3 minggu setelah kucing melahirkan. Tekadang juga menyerang saat kucing bunting.</p>\r\n\r\n<ul>\r\n	<li>Gangguan saraf</li>\r\n	<li>Kejang-kejang</li>\r\n	<li>Tubuhnya kaku</li>\r\n	<li>Gemetar dan sempoyongan</li>\r\n	<li>Muntah-muntah</li>\r\n	<li>Demam tinggi</li>\r\n	<li>Pupil mata melebar</li>\r\n	<li>Kornea mata dan mukosa membrannya mongering (pucat)</li>\r\n	<li>Hidung kering</li>\r\n	<li>Lidahnya menjulur dan terus berliur</li>\r\n	<li>Matanya melotot</li>\r\n	<li>Mukanya mengerut ke atas menahan sakit, warnanya kemerahan</li>\r\n	<li>Giginya terlihat</li>\r\n	<li>Detak jantungnya lebih cepat</li>\r\n	<li>Kakinya kaku, sehingga kucing tidak bisa berdiri atau kolaps dengan keempat kaki kejang lurus ke depan seperti terkena penyakit tetanus</li>\r\n	<li>Kucing lumpuh, koma, dan akhirnya mati</li>\r\n</ul>\r\n', '<h2><strong>Pencegahan: </strong></h2>\r\n\r\n<ul>\r\n	<li>Program pemberian obat cacing secara rutin, sebagai pelengkap berikan vitamin E</li>\r\n	<li>Berikan tambahan kalsium (tablet tepung tulang/tablet dikalsium fosfat), fosfor, dan vitamin D (suplemen vitamin D di dalam makanan membantu menaikkan daya absorbs kalsium dan fosfor dalam susu) setelah dikawinkan, di masa bunting, serta masa menyusui.</li>\r\n</ul>\r\n\r\n<h2><strong>Pengobatan: </strong></h2>\r\n\r\n<ul>\r\n	<li>\r\n	<p>Pemberian kalsium glukonat 10% melalui IV secara perlahan-lahan dengan dosis 0,5-1,5 ml/kg bb kucing</p>\r\n	</li>\r\n	<li>Rawat dengan pemberian oral 250-500 mg kalsium glukonat setiap hari atau dengan dosis rata-rata sekitar 100 mg/kg bb kucing. Pyendop dan Ilkiw (1979) menganjurkan tablet kalsium glukonat diberikan sewaktu kucing bunting sebgai pencegahan. Jika perlu berikan obat penenang asepromazina.</li>\r\n	<li>Menyuntikkan larutan kalsium boroglukonat melalui pembuluh darah vena</li>\r\n	<li>Berikan suplemen yang mengandung kalsium, fosfor, dan vitamin D ke dalam makanannya</li>\r\n</ul>\r\n', '23.EklamsiaKucing.jpg'),
(24, 'Influenza Kucing', '<h1><strong>Influenza Kucing</strong></h1>\r\n\r\n<p>Penyakit influenza merupakan penyakit rinotakreitis kucing. Virus ini menyerang saluran pernapasan bagian atas.</p>\r\n\r\n<h3><strong>Penularan: </strong></h3>\r\n\r\n<p>Melalui leleran mata, leleran hidung, mulut, kotoran, tenpat minum, dan tempat makan. Flu kucing gampang menular dari satu kucing ke kucing lainnya yang dipicu oleh factor stress, kelewahsesakan (<em>overcrowding</em>), kelelahan, perjalanan jauh, musim pancaroba, kedinginan, gizi rendah, dan lain-lain. Penularan juga bisa terjadi melalui udara (infeksi tular -udara [<em>airborne infection</em>]).</p>\r\n\r\n<h3><strong>Gejala Klinis: </strong></h3>\r\n\r\n<ul>\r\n	<li>Demam tinggi (terjadi infeksi sekunder oleh bakteri),</li>\r\n	<li>Lesu, lemah,</li>\r\n	<li>Mengalami letargi,</li>\r\n	<li>Nafsu makan menurun,</li>\r\n	<li>Sesak nafas atau sulit bernafas,</li>\r\n	<li>Pucat karena kekurangan oksigen,</li>\r\n	<li>Kedinginan,</li>\r\n	<li>Bersin-bersin.</li>\r\n</ul>\r\n\r\n<p><strong>Gejala Pantologi Klinis:</strong></p>\r\n\r\n<ul>\r\n	<li>Viremia</li>\r\n	<li>Pneumonia</li>\r\n	<li>Nekrosis hepatik</li>\r\n	<li>Ensefalitis</li>\r\n	<li>Radang pada kanttung udara</li>\r\n	<li>Pembengkakan kepala</li>\r\n	<li>Peritonitis</li>\r\n	<li>Sinusitis</li>\r\n	<li>Oedema pulmonum</li>\r\n	<li>Radang usus yang sangat fibrinus</li>\r\n	<li>Borok pada lidah</li>\r\n	<li>Stomatitis</li>\r\n	<li>Pembengkakan paru-paru dan kongesti</li>\r\n	<li>Radang pada trakea dan laring secara berurutan</li>\r\n	<li>Pericarditis pada jantung</li>\r\n	<li>Nekrosis pada saluran pencernaan</li>\r\n</ul>\r\n', '<h2><strong>Pencegahan: </strong></h2>\r\n\r\n<p>Dengan vaksinasi dan sanitasi yang ketat, Beberapa saran bagi pemilik kucing:</p>\r\n\r\n<ol>\r\n	<li>Cegahlah kucing melakukan kontak langsung dengan kucing liar, ayam, burung (burung liar), dan kotorannya (feses).</li>\r\n	<li>Usahakan agar kucing selalu berada di dalam rumah.</li>\r\n	<li>Berikan daging ayam yang telah dimasak sempurna. Jangan berikan daging mentah.</li>\r\n	<li>Selalu jaga kebersihan dan Kesehatan kucing serta lingkungannya.</li>\r\n	<li>Selalu cuci tangan dengan sabunsetelah selesai memegang hewan.</li>\r\n</ol>\r\n\r\n<h2><strong>Pengobatan: </strong></h2>\r\n\r\n<p>Penderita harus diisolasi ketat selama 3-4 minggu agar tidak terserang infeksi sekunder oleh bakteri. Untuk menghilangkan gejala flu, teteskan afrin di hidung kucing. Untuk mencegah terjadinya infeksi sekunder, dapat diberikan antibiotik seperti amoksilin dan doksisiklin.</p>\r\n', '24.influenzakucing.jpg');

--
-- Indexes for dumped tables
--

--
-- Indeks untuk tabel `admin`
--
ALTER TABLE `admin`
  ADD PRIMARY KEY (`username`);

--
-- Indeks untuk tabel `basis_pengetahuan`
--
ALTER TABLE `basis_pengetahuan`
  ADD PRIMARY KEY (`kode_pengetahuan`);

--
-- Indeks untuk tabel `gejala`
--
ALTER TABLE `gejala`
  ADD PRIMARY KEY (`kode_gejala`);

--
-- Indeks untuk tabel `hasil`
--
ALTER TABLE `hasil`
  ADD PRIMARY KEY (`id_hasil`);

--
-- Indeks untuk tabel `kondisi`
--
ALTER TABLE `kondisi`
  ADD PRIMARY KEY (`id`);

--
-- Indeks untuk tabel `penyakit`
--
ALTER TABLE `penyakit`
  ADD PRIMARY KEY (`kode_penyakit`);

--
-- Indeks untuk tabel `post`
--
ALTER TABLE `post`
  ADD PRIMARY KEY (`kode_post`);

--
-- AUTO_INCREMENT untuk tabel yang dibuang
--

--
-- AUTO_INCREMENT untuk tabel `basis_pengetahuan`
--
ALTER TABLE `basis_pengetahuan`
  MODIFY `kode_pengetahuan` int(11) NOT NULL AUTO_INCREMENT, AUTO_INCREMENT=225;

--
-- AUTO_INCREMENT untuk tabel `gejala`
--
ALTER TABLE `gejala`
  MODIFY `kode_gejala` int(11) NOT NULL AUTO_INCREMENT, AUTO_INCREMENT=134;

--
-- AUTO_INCREMENT untuk tabel `hasil`
--
ALTER TABLE `hasil`
  MODIFY `id_hasil` int(11) NOT NULL AUTO_INCREMENT, AUTO_INCREMENT=352;

--
-- AUTO_INCREMENT untuk tabel `kondisi`
--
ALTER TABLE `kondisi`
  MODIFY `id` int(11) NOT NULL AUTO_INCREMENT, AUTO_INCREMENT=10;

--
-- AUTO_INCREMENT untuk tabel `penyakit`
--
ALTER TABLE `penyakit`
  MODIFY `kode_penyakit` int(11) NOT NULL AUTO_INCREMENT, AUTO_INCREMENT=25;

--
-- AUTO_INCREMENT untuk tabel `post`
--
ALTER TABLE `post`
  MODIFY `kode_post` int(11) NOT NULL AUTO_INCREMENT, AUTO_INCREMENT=25;
COMMIT;

/*!40101 SET CHARACTER_SET_CLIENT=@OLD_CHARACTER_SET_CLIENT */;
/*!40101 SET CHARACTER_SET_RESULTS=@OLD_CHARACTER_SET_RESULTS */;
/*!40101 SET COLLATION_CONNECTION=@OLD_COLLATION_CONNECTION */;
